77.6200,
80.2500,
81.5000,
83.6200,
88.3100,
96.3700,
89.6200,
91.4400,
92.2500,
90.6200,
89.4400,
91.1900,
90.2500,
89.6200,
92.4400,
90.6200,
92.8100,
94.6900,
95.0600,
94.5600,
97.8700,
103.0600,
110.1900,
115.0000,
116.0000,
117.8100,
110.0600,
105.2500,
103.0000,
99.0000,
94.8700,
97.0000,
98.3100,
100.0000,
98.0000,
102.5000,
99.9400,
103.5000,
99.3100,
98.1900,
100.6900,
100.3100,
102.8100,
111.9400,
102.5000,
104.0000,
95.0000,
99.5000,
97.7500,
92.7500,
87.1900,
96.7500,
100.4400,
103.9400,
106.5600,
113.5000,
111.3100,
106.2500,
112.2500,
110.1900,
110.0000,
101.6200,
103.7500,
100.2500,
98.8100,
103.3100,
108.0000,
114.0600,
114.8700,
112.6200,
113.5000,
108.7500,
115.8100,
119.0000,
114.1200,
114.8700,
111.2500,
113.8100,
116.2500,
115.2000,
110.3700,
113.2500,
114.6200,
130.3100,
122.0000,
128.0000,
125.6900,
122.8700,
122.0000,
122.2500,
125.7500,
121.3100,
114.2500,
116.2500,
121.5600,
125.0000,
123.0000,
134.9400,
144.1900,
141.3100,
138.6900,
139.5600,
139.1300,
135.9400,
125.7500,
135.8100,
133.3100,
127.3100,
130.3800,
125.1900,
131.7500,
125.0000,
119.4400,
109.2500,
113.8100,
111.8700,
123.8700,
126.8700,
121.1200,
118.8700,
120.5000,
128.3100,
121.3100,
126.7500,
124.0600,
124.3100,
117.8700,
115.0600,
110.6900,
113.1200,
110.1200,
105.4400,
99.3100,
102.8100,
107.6200,
101.0000,
105.6900,
101.3700,
100.7500,
94.0000,
89.9400,
85.8100,
87.6900,
87.2700,
86.3700,
87.5600,
84.0000,
89.1200,
92.5600,
91.3100,
92.8700,
96.5600,
94.8100,
95.7500,
91.1900,
94.5000,
90.4400,
92.3700,
91.1900,
96.6200,
101.2500,
55.6300,
53.7500,
51.6900,
54.1300,
51.7500,
54.4400,
51.2500,
52.3800,
53.3100,
51.6300,
51.8100,
54.4400,
57.1300,
56.9400,
58.8800,
56.5000,
57.6900,
58.3100,
57.2500,
52.6900,
55.1300,
53.5600,
48.6900,
50.0600,
50.0600,
52.0000,
48.3100,
50.8100,
49.3100,
47.2500,
48.0000,
47.3800,
47.9400,
46.7500,
47.5000,
47.5600,
47.6900,
47.0600,
46.6900,
48.5000,
51.4400,
50.0000,
50.5000,
51.6900,
54.3100,
56.1100,
56.8100,
58.0600,
59.1900,
59.5000,
60.9400,
63.4400,
62.4400,
58.4400,
62.0000,
58.8800,
58.4400,
57.7500,
58.0000,
56.8600,
55.2300,
60.6600,
59.9400,
61.0500,
56.6900,
52.1900,
53.5000,
51.4400,
48.9400,
53.5000,
25.7500,
24.2500,
22.3100,
23.6200,
22.0600,
22.1900,
21.7500,
20.8700,
19.6200,
20.0000,
22.0600,
21.5000,
20.1200,
20.1200,
18.9400,
19.5000,
20.3700,
18.8700,
18.5000,
18.5000,
18.5600,
19.3100,
19.5600,
20.5000,
22.3100,
22.2500,
21.4400,
21.3100,
20.0600,
20.1900,
19.0600,
19.3700,
20.2500,
19.8700,
19.0000,
18.5000,
18.9400,
18.8100,
18.5000,
19.3100,
18.6900,
18.0300,
17.5600,
16.5000,
17.0600,
16.6900,
17.0000,
14.3100,
14.3100,
15.0600,
15.1900,
15.3800,
15.0000,
14.4400,
14.0600,
14.2500,
14.0000,
14.3800,
14.0600,
15.0000,
14.6900,
14.8100,
14.8100,
14.8800,
14.8800,
16.3700,
17.0600,
16.3700,
16.5600,
17.1900,
16.5600,
18.0000,
17.1900,
17.1200,
16.8100,
18.6900,
19.5000,
19.2500,
20.5000,
20.5000,
19.9400,
19.5600,
21.6900,
21.7500,
21.6200,
21.1200,
20.6200,
20.1900,
21.1200,
20.7500,
20.7500,
19.1200,
19.6900,
19.1200,
19.5000,
20.0600,
19.0000,
18.3100,
18.8700,
18.8100,
18.8100,
19.5000,
19.3700,
18.2500,
18.7500,
19.2500,
20.3700,
21.5000,
21.2500,
20.8100,
20.2500,
18.6200,
19.5600,
20.4400,
19.6900,
19.6200,
20.5600,
19.6900,
20.1200,
21.6200,
23.0000,
21.7800,
22.8700,
22.1700,
22.5300,
22.0700,
21.5900,
20.2400,
19.5000,
20.8700,
20.5900,
20.5400,
22.0400,
21.8000,
22.4200,
21.4400,
20.4000,
22.7900,
25.7200,
25.0400,
24.2500,
24.0300,
24.7200,
24.6900,
26.2000,
25.4900,
25.9300,
26.5900,
24.9600,
25.7500,
24.9600,
24.5700,
23.9800,
23.0000,
22.8500,
23.2900,
23.1800,
24.1000,
23.5500,
23.5300,
23.5600,
23.5000,
23.2300,
23.2000,
22.7600,
21.4700,
19.7800,
19.9500,
20.8900,
20.6600,
20.9400,
20.7300,
21.6600,
21.3200,
20.0400,
20.3100,
20.4700,
19.8800,
20.4400,
20.3300,
20.1900,
21.6700,
22.4900,
22.2600,
23.9900,
23.7500,
23.3400,
23.5400,
23.2500,
23.9000,
23.8400,
23.1900,
22.0300,
22.7000,
21.1400,
22.5400,
24.3600,
24.8500,
23.9600,
25.1000,
20.7900,
19.9600,
19.9800,
19.5400,
19.0900,
18.4700,
18.5900,
18.9600,
18.9300,
18.7900,
19.0600,
19.8200,
19.5000,
19.1300,
19.2500,
18.9000,
19.0500,
19.0200,
19.0900,
18.7300,
18.4400,
18.6500,
18.0700,
18.1200,
17.9200,
18.2100,
17.8100,
18.5700,
18.9200,
18.4000,
17.8300,
17.8300,
18.5500,
18.2500,
18.5500,
17.7200,
17.2800,
17.3700,
16.9900,
16.2800,
17.0200,
15.6800,
15.7300,
16.4500,
15.5400,
15.1500,
15.5100,
15.5100,
15.5400,
15.0500,
14.9800,
15.8800,
16.1400,
16.2000,
16.0000,
16.8200,
17.7400,
18.0100,
17.9900,
18.0100,
16.9900,
18.0000,
18.3000,
19.0200,
18.1400,
18.9500,
19.1900,
18.6700,
17.6300,
17.6000,
17.5600,
18.5900,
18.5700,
19.0700,
19.5700,
19.5900,
18.7100,
18.7100,
18.7500,
19.3700,
19.6100,
19.4500,
18.9700,
20.0000,
19.5300,
19.6800,
19.8400,
21.3700,
21.0000,
20.5300,
20.4200,
21.3000,
21.0500,
22.4000,
23.7600,
22.7800,
22.5400,
22.5400,
21.7800,
21.4900,
21.0000,
20.3900,
20.6200,
21.0100,
21.6200,
20.6700,
21.0000,
21.3600,
21.4900,
22.0700,
22.4300,
21.9000,
23.3000,
23.5800,
23.6900,
22.9000,
22.6100,
21.6500,
21.2300,
21.0500,
21.1500,
21.7000,
20.7800,
22.4800,
22.1700,
21.8200,
23.0200,
23.2100,
23.2500,
23.2700,
23.0700,
24.0900,
24.7200,
24.4100,
25.3500,
25.4500,
24.6700,
24.3000,
24.0300,
24.9800,
24.7100,
25.0100,
24.6000,
23.9000,
22.6200,
23.1300,
21.5000,
22.7400,
23.8100,
23.6700,
21.9600,
21.7000,
23.4500,
24.2900,
23.5300,
24.0700,
24.3800,
24.6600,
25.0600,
24.7200,
24.4900,
24.4300,
24.9500,
24.7400,
24.8500,
24.9200,
24.2700,
24.0900,
23.3500,
23.4600,
23.4700,
23.6700,
24.4600,
24.0700,
23.7500,
24.9000,
24.7400,
24.5600,
24.1000,
24.6600,
24.8600,
25.0600,
25.0000,
25.7400,
26.1100,
25.4100,
24.9800,
24.5300,
24.2500,
23.7700,
24.1200,
23.0100,
23.9600,
24.2700,
23.9800,
23.6900,
23.5100,
22.6500,
22.4700,
24.3700,
24.1900,
23.3200,
23.9400,
25.6100,
25.2800,
25.2100,
25.0100,
24.7400,
23.4600,
24.3200,
25.1800,
24.1500,
23.9800,
23.9800,
24.2000,
23.3000,
22.9100,
22.7800,
22.7200,
22.1600,
21.4000,
21.4800,
20.4600,
20.0900,
19.5400,
20.1000,
20.5400,
20.1500,
17.1200,
17.1100,
16.8500,
17.2700,
17.1400,
16.5500,
17.0600,
17.7200,
17.0600,
16.9400,
17.5500,
18.7400,
18.0100,
17.5300,
17.3200,
18.3000,
17.5000,
18.2300,
17.8600,
15.6300,
14.9900,
14.9600,
14.9200,
14.4700,
15.2000,
14.3600,
14.3400,
15.0200,
15.4300,
15.2600,
14.8000,
14.4500,
13.9900,
14.7400,
15.0300,
15.3000,
15.0000,
14.9900,
14.5900,
15.1700,
15.6100,
15.8100,
15.9800,
15.9100,
16.1200,
15.9700,
15.7300,
15.5300,
14.8500,
14.7000,
14.7000,
14.7500,
14.0500,
14.4800,
14.1800,
14.3800,
14.3700,
14.3300,
14.2900,
14.1400,
14.1700,
14.5000,
14.8000,
15.0200,
14.5800,
14.8700,
14.8500,
14.6400,
14.9300,
14.7000,
14.7200,
14.5000,
14.5100,
14.1700,
14.3000,
14.0300,
13.7700,
13.6900,
13.6000,
14.1200,
14.5100,
14.7700,
15.1600,
14.5600,
14.1100,
14.3400,
14.5600,
14.7000,
14.8800,
14.6900,
15.4200,
15.6100,
15.4400,
15.9800,
16.0700,
16.3600,
16.8900,
16.9000,
17.2200,
16.0000,
15.8400,
15.1600,
15.6400,
15.5900,
16.3000,
15.9500,
15.6500,
15.2700,
15.5300,
16.3500,
16.0100,
15.9700,
15.4100,
15.7200,
15.5000,
15.1800,
15.1600,
14.9700,
14.6300,
14.9500,
14.7500,
15.2800,
15.4900,
15.1900,
14.7900,
14.8500,
15.0800,
14.5700,
14.2000,
14.1400,
14.4900,
14.3600,
14.4000,
14.0600,
14.0700,
14.3300,
14.8000,
14.9000,
14.9000,
14.8500,
14.5500,
14.6800,
14.7200,
14.6300,
14.6100,
14.4300,
14.6200,
14.1000,
14.0200,
13.8800,
14.1700,
13.8000,
14.1300,
14.5800,
14.5800,
14.3200,
14.3600,
14.6600,
14.6000,
14.4500,
14.4300,
14.1500,
14.3500,
14.3500,
14.3900,
14.5400,
14.6700,
15.2700,
14.8500,
14.7700,
15.0000,
14.7400,
15.0200,
14.5000,
14.8600,
15.0100,
14.6500,
14.5600,
14.6200,
14.5600,
14.5300,
14.3700,
14.2300,
14.2200,
14.7200,
14.7800,
15.0100,
15.0000,
14.9500,
14.9100,
15.0000,
14.3700,
14.5500,
14.4100,
14.4900,
14.5700,
14.1400,
14.1600,
14.6000,
14.4600,
14.4100,
14.4900,
14.4500,
14.1900,
14.3700,
13.2000,
13.5800,
13.3900,
13.2400,
13.1200,
13.1400,
13.5100,
13.5800,
13.4400,
13.3500,
13.8600,
14.0600,
14.2200,
14.3600,
14.4500,
16.0900,
17.5000,
17.6500,
18.0000,
18.3000,
18.5600,
18.6700,
18.5500,
18.7300,
18.8000,
18.1000,
17.7900,
17.8500,
18.2400,
18.3200,
18.8800,
18.2800,
18.1000,
17.9500,
17.4500,
17.3100,
17.6000,
17.6400,
17.1500,
16.7900,
17.1800,
17.4500,
17.7700,
17.4200,
18.2700,
18.1900,
19.1200,
19.1400,
19.2000,
19.0600,
18.7800,
19.0900,
19.2900,
18.7300,
19.0600,
19.0900,
19.2700,
19.1300,
19.8700,
20.4000,
19.8900,
19.5800,
19.8500,
19.9000,
19.6100,
19.8700,
20.9000,
20.8590,
20.6100,
20.8000,
20.7900,
20.5100,
21.5400,
20.9900,
20.7200,
20.2800,
21.0800,
20.7300,
21.2100,
20.3800,
19.6300,
19.9300,
19.6400,
19.6600,
19.7000,
20.1800,
19.9700,
19.7100,
20.3400,
20.3200,
21.0100,
21.6800,
20.8800,
20.8600,
21.0500,
21.4800,
22.1900,
22.6100,
22.8500,
22.9500,
22.8300,
22.5000,
22.7400,
22.3700,
22.1800,
22.5600,
23.1000,
22.2100,
22.3600,
22.1200,
22.8800,
22.5800,
22.0800,
22.4300,
21.3200,
20.4300,
20.6900,
21.3000,
20.7200,
20.7900,
20.5700,
21.6900,
22.2900,
23.2200,
23.0600,
23.4500,
23.6800,
24.3500,
24.5500,
24.8200,
23.2500,
22.7500,
23.2200,
23.1800,
22.7600,
22.9900,
22.6000,
22.6000,
23.7200,
23.6900,
23.0900,
22.8900,
23.1500,
22.9100,
23.0300,
23.1200,
22.5000,
21.9000,
21.5400,
22.3300,
22.4200,
21.4600,
21.1300,
20.4100,
20.4199,
20.3750,
20.2800,
21.1500,
20.6800,
20.7200,
20.9100,
21.7100,
21.5400,
21.0300,
21.1500,
20.8500,
21.0500,
20.4500,
20.3800,
21.2100,
20.8900,
20.1700,
20.1200,
19.8800,
20.0400,
19.7000,
19.8500,
19.8100,
20.4100,
20.7800,
21.1500,
21.2800,
21.3700,
21.2800,
22.1700,
22.0900,
22.5900,
23.3600,
23.0000,
23.7300,
24.1200,
24.2000,
22.8500,
22.7200,
22.7300,
22.6100,
22.1800,
22.5600,
23.0100,
23.0700,
22.5200,
22.6800,
22.5600,
22.3200,
22.2600,
21.7900,
22.4200,
22.7100,
22.6670,
22.9800,
23.8000,
23.7300,
23.0000,
23.1600,
23.2600,
22.4700,
22.4000,
22.1900,
22.3600,
22.8100,
23.0400,
23.9200,
24.0200,
23.8100,
23.9200,
25.1600,
26.7400,
26.0000,
27.1000,
27.6800,
27.1500,
27.5600,
26.4500,
25.8200,
26.1900,
25.6700,
25.8600,
25.8600,
25.2900,
25.5000,
26.8700,
27.0400,
27.9100,
27.9200,
27.0400,
27.1100,
27.5000,
28.3200,
27.8300,
27.3100,
27.5300,
28.0400,
26.9300,
26.6400,
29.3000,
29.1800,
28.3500,
27.7300,
27.7300,
27.7800,
27.7000,
27.1300,
26.9400,
26.4500,
26.7700,
25.7800,
26.0700,
26.1400,
26.6500,
26.5800,
26.6700,
26.2800,
27.1400,
27.3000,
27.1900,
27.0600,
26.6400,
27.0600,
26.4700,
26.7100,
27.1100,
27.3400,
28.4100,
28.5100,
28.1700,
28.0600,
28.0600,
28.9200,
28.4000,
28.7800,
29.8100,
30.3500,
30.2000,
30.7400,
30.1200,
30.6900,
32.7400,
32.8100,
32.9100,
32.3300,
33.0000,
33.7000,
33.1800,
33.7000,
32.4900,
32.5000,
32.5400,
32.3000,
31.0800,
30.9500,
30.3900,
30.1400,
30.0300,
29.1400,
29.2200,
29.5800,
32.9300,
32.2000,
31.9700,
32.2000,
31.6200,
31.6800,
30.7000,
31.2600,
32.4300,
32.2700,
32.6400,
32.3400,
31.5800,
31.2900,
31.7900,
31.3900,
29.7800,
30.3000,
31.5200,
31.0100,
30.3700,
30.8400,
30.7800,
30.8700,
31.7400,
30.7100,
30.8000,
31.0800,
31.9500,
33.0500,
34.6600,
34.3500,
34.1200,
34.4900,
35.8600,
35.6600,
35.2300,
35.7600,
36.3500,
35.7000,
35.8700,
35.5900,
35.4900,
35.2000,
36.3500,
37.1400,
37.7100,
38.0100,
36.9200,
37.2700,
37.2900,
37.5300,
38.0400,
38.6800,
38.7500,
38.6700,
38.7900,
39.3700,
40.6400,
39.6200,
39.0600,
38.5900,
38.2900,
39.7500,
44.9800,
45.5000,
47.7500,
47.4200,
47.4700,
47.9400,
47.4100,
47.5500,
47.9700,
50.3000,
52.1900,
52.4000,
52.4500,
53.5000,
55.3100,
54.4500,
54.7200,
54.3800,
54.0500,
54.7500,
55.3000,
55.5000,
55.2400,
54.9350,
54.9000,
55.3900,
55.1700,
61.3500,
61.2700,
64.0500,
64.5500,
68.4400,
67.0500,
67.7900,
65.2100,
62.6800,
65.7800,
62.8900,
63.2800,
63.9900,
65.1500,
64.9100,
65.2900,
65.2600,
66.5960,
64.9900,
62.7200,
63.6900,
63.7500,
64.0100,
63.1600,
64.1800,
64.4400,
64.8000,
64.4000,
63.2900,
63.9400,
64.5000,
64.5500,
69.2500,
68.9600,
64.5600,
65.4600,
69.8000,
70.2000,
70.6500,
69.8800,
70.4600,
70.4900,
70.7600,
72.0500,
72.2500,
72.6400,
73.9800,
76.9000,
77.5300,
79.6300,
77.8100,
78.8400,
78.9400,
80.9000,
78.7400,
78.3600,
81.2100,
84.6300,
88.4100,
90.1300,
87.8100,
86.8100,
85.2900,
88.2300,
88.9300,
88.9900,
44.8600,
44.5000,
44.1210,
41.7900,
42.8100,
42.7500,
40.5300,
39.3500,
39.8300,
40.2700,
40.3200,
40.9600,
41.1800,
42.2500,
42.9600,
43.7000,
42.8300,
42.5500,
42.5000,
42.5300,
41.7500,
42.8000,
41.6700,
40.8900,
41.0900,
41.8900,
42.3300,
43.5600,
43.7400,
41.9200,
42.6600,
41.0400,
37.2600,
35.3500,
35.6200,
37.0900,
35.5100,
37.1400,
35.5000,
36.9800,
36.1900,
35.9500,
35.5400,
36.0600,
36.4300,
36.2100,
37.1500,
36.6800,
37.2400,
36.9700,
36.4200,
35.6100,
34.1300,
34.7700,
35.5500,
35.3600,
35.8400,
37.5500,
37.5500,
39.7600,
39.7000,
39.7800,
40.7400,
40.5600,
39.7593,
40.3000,
40.0400,
38.2400,
37.9200,
36.5400,
36.9200,
37.6500,
35.8100,
35.9000,
36.0000,
37.1300,
37.9800,
38.3100,
37.6100,
37.8600,
38.5500,
38.8900,
37.7600,
37.1000,
37.3100,
36.3700,
36.8100,
36.5000,
37.9800,
37.3900,
37.6300,
38.2500,
38.1000,
38.2400,
38.3500,
40.7500,
41.5500,
41.4900,
43.1900,
43.6300,
43.2900,
44.0000,
43.8100,
43.6300,
43.9900,
43.8000,
42.6500,
42.7500,
43.1900,
43.2200,
42.7100,
42.9900,
42.6500,
43.8200,
43.3800,
44.0000,
46.1000,
47.6800,
46.2500,
47.1500,
46.3000,
45.8300,
45.8700,
45.7400,
45.7700,
46.0600,
45.7400,
45.8400,
46.5700,
46.8900,
46.2600,
46.2200,
48.8000,
48.6800,
49.7800,
51.3100,
51.4000,
50.8200,
49.6100,
49.8700,
51.2100,
52.6400,
53.1900,
52.1100,
51.9000,
53.2000,
53.8400,
53.4400,
51.0800,
52.3400,
53.6100,
54.4400,
53.7500,
52.7801,
51.7000,
51.3000,
50.3700,
51.5900,
49.2500,
53.7400,
54.0000,
53.4400,
52.2100,
54.9400,
56.1400,
55.6600,
56.7900,
56.1000,
57.0300,
55.4100,
54.4700,
57.5900,
57.5000,
59.9500,
61.8499,
61.1500,
60.2300,
59.9000,
60.1100,
61.1800,
61.5400,
61.4500,
62.2800,
64.9500,
64.5200,
64.5600,
64.9600,
66.5200,
67.1100,
69.3400,
69.6600,
68.1000,
67.8200,
71.6001,
72.6300,
71.8200,
74.0500,
73.9500,
74.0800,
74.3305,
74.9100,
74.9800,
72.0100,
72.1800,
71.1100,
71.3800,
72.1100,
73.5000,
74.0200,
73.3500,
74.2300,
73.5700,
71.4500,
71.8900,
74.7500,
74.9700,
74.3800,
76.3000,
76.0500,
80.8600,
83.9000,
84.2910,
85.5899,
84.7101,
82.4901,
79.0350,
76.0890,
77.6700,
76.0400,
74.2000,
72.3300,
72.0300,
75.0000,
75.5100,
75.4200,
72.1000,
71.8470,
67.3000,
67.6000,
68.8100,
64.9500,
67.3100,
64.7100,
67.6450,
69.2200,
70.5700,
70.2900,
69.0800,
71.3200,
71.7500,
71.4600,
70.9900,
68.4900,
69.1000,
69.6100,
67.7200,
65.4800,
66.3100,
65.6600,
63.9300,
63.1900,
65.6800,
67.3200,
66.2300,
64.3100,
64.6600,
63.9900,
61.8100,
61.6700,
60.1600,
59.9600,
59.5100,
58.7100,
62.3300,
62.7500,
62.7200,
62.6500,
61.1700,
67.2100,
71.2400,
69.7900,
68.6700,
67.9900,
66.7100,
66.4690,
64.8110,
66.2200,
65.6500,
67.6300,
67.0400,
65.7500,
66.1700,
68.1500,
69.3600,
70.3900,
69.6000,
71.6200,
71.1400,
71.1300,
71.8900,
71.8900,
71.0300,
70.6000,
68.1500,
67.7000,
67.7900,
64.9800,
65.2600,
63.1800,
64.5100,
63.3800,
63.1500,
63.3400,
64.3300,
63.5490,
61.2200,
59.7700,
62.1700,
61.6600,
60.0000,
59.7230,
58.5650,
60.7600,
59.5200,
57.0000,
58.3300,
57.6100,
59.3800,
57.5600,
57.2000,
57.4700,
57.8600,
59.5800,
58.8300,
58.9900,
57.4300,
56.0200,
58.9700,
57.2700,
57.9500,
57.0015,
55.7700,
55.4000,
55.0000,
55.6500,
52.9600,
52.2500,
50.6700,
52.3700,
52.9000,
54.1000,
60.5000,
60.7200,
61.4200,
61.9280,
63.8700,
63.4000,
65.5900,
67.9600,
67.1800,
68.1600,
69.5900,
68.3000,
67.2100,
64.7800,
63.5900,
64.0700,
63.6500,
63.9400,
66.4500,
67.9800,
67.5900,
67.9100,
66.5600,
67.6200,
67.3100,
67.8100,
68.7500,
66.9800,
66.4800,
66.9600,
67.8500,
68.3800,
71.4800,
70.0300,
72.8000,
72.5200,
72.5000,
72.6300,
74.2000,
74.1700,
74.1000,
73.8900,
73.7700,
75.2600,
74.6500,
73.0000,
75.7500,
77.6100,
76.4100,
77.0100,
76.9800,
74.8600,
74.0700,
75.3800,
74.8300,
74.2200,
74.6300,
73.8100,
73.2300,
75.2600,
75.0200,
75.4000,
74.2900,
74.5300,
78.9900,
79.9500,
81.4600,
81.0500,
81.6800,
82.1900,
80.4100,
80.4200,
81.0800,
79.1600,
78.9800,
78.2900,
79.7100,
80.5100,
82.4500,
83.3400,
83.1200,
84.3500,
85.0000,
84.0500,
85.6100,
85.8500,
86.4700,
88.6000,
90.3100,
91.6300,
89.5400,
91.8100,
91.8000,
91.6600,
91.3200,
91.1200,
91.2700,
89.8300,
87.0400,
88.2600,
88.7500,
86.1400,
89.0500,
88.5500,
87.7200,
85.4700,
86.3100,
84.7600,
82.9000,
82.2000,
81.5100,
81.5200,
80.8700,
84.8400,
83.8000,
85.6600,
85.0500,
85.4700,
92.5700,
97.0000,
95.8000,
94.6200,
97.1000,
94.9500,
89.0700,
88.5000,
86.7900,
85.7000,
86.7000,
86.2500,
85.3800,
85.9400,
85.5500,
85.7300,
84.7400,
84.7500,
83.9400,
84.1500,
86.1500,
86.1800,
83.2700,
84.8800,
84.7000,
85.3000,
85.2100,
84.8300,
85.9000,
89.2000,
89.5100,
89.0700,
88.6500,
83.9300,
84.6100,
87.0600,
85.4100,
86.3199,
88.1900,
87.7200,
88.0000,
87.9700,
89.8700,
88.4000,
90.0000,
89.5700,
89.5900,
91.1300,
91.4800,
93.8700,
93.9600,
93.5200,
95.8500,
95.4600,
93.2400,
93.7500,
92.9100,
93.6500,
94.5000,
94.2700,
94.6800,
93.6500,
94.2500,
92.5900,
92.1900,
90.2400,
91.4300,
90.3500,
90.4000,
90.2700,
90.9700,
93.5100,
93.2400,
95.3480,
98.8400,
99.9200,
99.8000,
99.4700,
100.3900,
100.4000,
100.8100,
103.9200,
105.0600,
106.8800,
107.3400,
108.7400,
109.3600,
107.5200,
107.3400,
109.4400,
110.0200,
111.9800,
113.5400,
112.8900,
110.6900,
113.6200,
114.3500,
118.7700,
121.1910,
118.4000,
121.3300,
122.6700,
123.6400,
124.0690,
124.4900,
120.1900,
120.3800,
117.5000,
118.7500,
120.5000,
125.0900,
123.6600,
121.5500,
123.9000,
123.0000,
122.3400,
119.6500,
121.8900,
120.5600,
122.0400,
121.2600,
127.1700,
132.7500,
132.3000,
130.3301,
132.3500,
132.3900,
134.0699,
137.7300,
138.1000,
138.9099,
138.1200,
140.0000,
143.7500,
143.7000,
134.8899,
137.2600,
146.0000,
143.8500,
141.4300,
131.7600,
135.0000,
136.4900,
131.8499,
135.2500,
135.0301,
134.0100,
126.3900,
125.0000,
127.7900,
124.0300,
119.9000,
117.0500,
122.0600,
122.2200,
127.5700,
132.5100,
131.0700,
135.3000,
132.2500,
126.8200,
134.0800,
136.2500,
138.4800,
144.1600,
136.7600,
135.0100,
131.7700,
136.7100,
135.4900,
136.8500,
137.2000,
138.8100,
138.4100,
140.9200,
140.7699,
140.3100,
144.1500,
148.2800,
153.1800,
152.7700,
154.5000,
153.4700,
156.3390,
158.4500,
157.9201,
156.2400,
161.4499,
167.9100,
167.8600,
166.7900,
162.2300,
167.2537,
166.9800,
169.5800,
172.7500,
173.5000,
170.4200,
174.3600,
186.1600,
185.9300,
182.7800,
184.7000,
185.0900,
187.0000,
189.9500,
187.4400,
187.8700,
186.1800,
191.7900,
186.2999,
175.4663,
165.3700,
153.7600,
169.9600,
166.1100,
164.3000,
166.3900,
163.9500,
168.8500,
168.4600,
171.5400,
172.5419,
174.8100,
180.2200,
184.2900,
182.2200,
178.8600,
179.8100,
185.5000,
189.9528,
194.3000,
194.2100,
188.5404,
190.8600,
191.8300,
190.3900,
184.4000,
182.9800,
183.1200,
187.2100,
193.9100,
198.8000,
198.9500,
198.5700,
199.8300,
198.0800,
194.8400,
194.9300,
180.0500,
177.6400,
171.2500,
179.4000,
178.0200,
172.6900,
178.7800,
169.0400,
159.6400,
160.8900,
161.3600,
155.6400,
139.0720,
135.6000,
130.0100,
130.0100,
131.5400,
132.1800,
135.3600,
133.7500,
131.6500,
129.3600,
122.0000,
121.2400,
125.4800,
129.4500,
124.8600,
129.4000,
127.4600,
124.6300,
122.1800,
123.8200,
121.5400,
119.4600,
119.7400,
119.1500,
122.9600,
129.9100,
125.0200,
121.7300,
124.6200,
124.4899,
120.9300,
122.2500,
119.6900,
127.3501,
126.0300,
127.9400,
126.6100,
126.7300,
132.8200,
129.6700,
133.2700,
139.5300,
140.9800,
145.0600,
140.2500,
143.0100,
143.5000,
149.5301,
147.4900,
151.6100,
153.0800,
155.8900,
152.8400,
151.4400,
154.5500,
147.1400,
147.7800,
148.3800,
153.7000,
154.4900,
161.0400,
168.1600,
160.2000,
162.8900,
168.9400,
169.7300,
172.2400,
175.0500,
173.9500,
180.0000,
180.9400,
184.7300,
186.6600,
182.5900,
185.0600,
183.4500,
188.1600,
189.9600,
186.2600,
189.7300,
187.6201,
183.6000,
185.9000,
178.1900,
177.0500,
181.1700,
186.4300,
187.0100,
186.6900,
188.7500,
186.1000,
185.3700,
185.1900,
189.4300,
185.6400,
181.6100,
185.6400,
180.8100,
173.2600,
172.3700,
176.8400,
181.4300,
178.7500,
180.9000,
175.2700,
173.1600,
173.2500,
177.3900,
168.2600,
170.0900,
167.4400,
174.6800,
168.1800,
170.1200,
175.1600,
179.5500,
174.2500,
176.6300,
172.5800,
173.8800,
169.6400,
172.8100,
171.8100,
165.1500,
166.2900,
162.0200,
166.2600,
159.0300,
162.1200,
154.4000,
157.0800,
159.8800,
158.9500,
156.6600,
153.2300,
160.6400,
164.1900,
163.5700,
169.5500,
173.5600,
176.7300,
179.3000,
179.3200,
175.7400,
175.3900,
173.5300,
175.8400,
174.2900,
176.7900,
172.5500,
173.6400,
174.6700,
173.7400,
169.5300,
166.1900,
166.9600,
161.2200,
160.1800,
157.9200,
151.6800,
151.6100,
152.6500,
148.9400,
140.3600,
139.8800,
127.8300,
134.0900,
140.9100,
131.0500,
126.8400,
128.7100,
131.9300,
128.2400,
105.2600,
113.6600,
109.1200,
100.1000,
97.0700,
98.1400,
89.1600,
89.7900,
88.7400,
96.8000,
110.2600,
104.0800,
97.9500,
101.8900,
97.4000,
98.4400,
91.4900,
96.8700,
98.2300,
96.3800,
92.0900,
99.9100,
104.5500,
111.0400,
107.5900,
106.9600,
110.9900,
103.3000,
99.1000,
98.2400,
95.8800,
94.7700,
90.1200,
96.4400,
90.2400,
88.1400,
89.9100,
86.2900,
80.4900,
82.5800,
92.9500,
90.8000,
95.0000,
92.6700,
88.9300,
92.4700,
95.9000,
91.4100,
94.0000,
99.7200,
100.0600,
98.2100,
95.0000,
98.2700,
94.7500,
95.4300,
89.1600,
89.4300,
90.0000,
85.7400,
86.3800,
85.0400,
85.8100,
86.6100,
86.2900,
85.3500,
90.7500,
94.5800,
93.0200,
91.0100,
92.7000,
90.5800,
88.6600,
87.7100,
85.3300,
83.3800,
82.3300,
78.2000,
82.8300,
88.3600,
88.3600,
89.6400,
90.7300,
94.2000,
93.0000,
90.1300,
91.5100,
92.9800,
93.5500,
96.4600,
99.7200,
102.5100,
97.8300,
96.8200,
99.2700,
99.1600,
94.5300,
94.3700,
90.6400,
91.2000,
86.9500,
90.2500,
91.1600,
89.1900,
89.3100,
87.9400,
88.3700,
91.1700,
88.8400,
85.3000,
83.1100,
88.6275,
92.6800,
96.3500,
95.9300,
95.4200,
99.6600,
101.5200,
101.6200,
101.5900,
107.6600,
106.8300,
106.4900,
109.8700,
106.8500,
104.4900,
105.1200,
108.6900,
112.7100,
115.9900,
118.4500,
115.0000,
116.3200,
119.5700,
120.2200,
118.3100,
117.6400,
121.4500,
123.4200,
120.5000,
121.7600,
121.5100,
125.4000,
123.9000,
124.7300,
123.9020,
125.1400,
125.8300,
127.2400,
132.0700,
132.7100,
132.5000,
129.0600,
129.1900,
129.5700,
124.4200,
119.4900,
122.9500,
122.4200,
126.6500,
127.4500,
125.8700,
124.1800,
122.5000,
130.7800,
133.0500,
135.0700,
135.8100,
139.3500,
139.4900,
140.9500,
143.7400,
144.6700,
143.8500,
142.7200,
140.2500,
139.9500,
136.9700,
136.0900,
136.3500,
135.5800,
135.8800,
139.4800,
137.3700,
134.0100,
136.2200,
139.8600,
142.4400,
141.9700,
142.4300,
142.8300,
140.0200,
138.6100,
135.4000,
137.2200,
136.3600,
138.5200,
142.3400,
142.2700,
146.8800,
147.5200,
151.7500,
152.9090,
151.5100,
156.7400,
157.8200,
159.9860,
160.1000,
160.0000,
160.0300,
162.7900,
163.3900,
166.4300,
165.5500,
165.1100,
163.9100,
165.5100,
164.7200,
162.8300,
165.3100,
168.4200,
166.7800,
159.5900,
164.0000,
164.6000,
166.3300,
169.2200,
169.0600,
169.4000,
167.4100,
169.4500,
170.0500,
168.2100,
165.2980,
165.1800,
166.5500,
170.3100,
172.9300,
171.1400,
172.5600,
172.1600,
173.7200,
175.1600,
181.8700,
184.5500,
185.0200,
184.0200,
184.4800,
185.5000,
183.8200,
182.3700,
186.1519,
185.3800,
185.3500,
180.8599,
184.9000,
186.0240,
190.0100,
190.2500,
189.2700,
190.4700,
190.8100,
190.0200,
191.2900,
190.5600,
188.0500,
189.8600,
198.7600,
204.9200,
205.2000,
203.9400,
202.4800,
197.3700,
192.4000,
196.3500,
188.5000,
189.3100,
188.7500,
190.8100,
194.0301,
194.3400,
201.4600,
202.9800,
203.2500,
201.9900,
204.4500,
206.6300,
207.0000,
205.9600,
200.5100,
199.9200,
205.8800,
204.4400,
204.1900,
200.5900,
199.9100,
196.9700,
196.2300,
196.4800,
193.3200,
188.9500,
189.8700,
197.8000,
196.4300,
194.6700,
196.9800,
194.1700,
195.0300,
191.8600,
195.4300,
198.2300,
200.3600,
202.1000,
209.0400,
211.6100,
209.1000,
211.6400,
210.7320,
214.0100,
214.3800,
210.9700,
210.5800,
211.9800,
210.1100,
207.7200,
210.6500,
209.4300,
205.9300,
215.0400,
211.7250,
208.0720,
197.7500,
203.0750,
205.9400,
207.8840,
199.2900,
192.0630,
194.7300,
195.8600,
199.2300,
192.0500,
195.4600,
194.1200,
196.1900,
195.1160,
198.6700,
200.3800,
203.4000,
202.5500,
202.9280,
201.6700,
200.4160,
197.0590,
200.6560,
202.0000,
204.6200,
208.9900,
208.8500,
209.3300,
210.7100,
218.9500,
219.0800,
223.0200,
224.8400,
225.5000,
226.6000,
223.8400,
224.4500,
224.1200,
224.6500,
222.2499,
224.7500,
228.3600,
229.3700,
226.6500,
230.9000,
232.3900,
235.8450,
235.0000,
235.9700,
238.4900,
239.5400,
240.6000,
239.9500,
241.7900,
242.2900,
242.4300,
245.6900,
248.9200,
247.4000,
247.0700,
244.5900,
259.2200,
266.4695,
270.8300,
269.5000,
262.0400,
261.6000,
268.6400,
261.0900,
266.3500,
258.6800,
255.9850,
246.2500,
235.8600,
253.9900,
256.5200,
262.0900,
258.3600,
253.8200,
254.2200,
252.3600,
248.3400,
237.7600,
242.3200,
246.7600,
245.2200,
244.1090,
253.3500,
256.8800,
260.8300,
263.9500,
263.1200,
255.9650,
250.9400,
249.3300,
243.2000,
250.5100,
253.5100,
254.2800,
259.6900,
267.2500,
271.8700,
274.0740,
270.1700,
273.8500,
270.9700,
269.0000,
266.7000,
268.3000,
256.1700,
251.5300,
248.4800,
246.9400,
248.6300,
258.6650,
258.0900,
259.6200,
257.2850,
251.7980,
252.7270,
251.4500,
249.9000,
245.5800,
251.8900,
254.2400,
259.0240,
259.9400,
259.2800,
264.0800,
260.9600,
258.1100,
257.2500,
261.8500,
261.9300,
262.9800,
261.7000,
260.0910,
261.7500,
259.4100,
250.1900,
251.7900,
249.1000,
247.6400,
251.9700,
253.0700,
249.8800,
249.6400,
245.8000,
239.9300,
242.8900,
240.2800,
241.6200,
242.5000,
243.1000,
250.3300,
252.1700,
258.7700,
257.8100,
262.9200,
263.0700,
263.4100,
267.0400,
268.0600,
270.2200,
276.5700,
275.3700,
283.2300,
283.7700,
287.7500,
288.9200,
292.3200,
291.1640,
286.8600,
287.3700,
283.7500,
282.5200,
278.6400,
288.9400,
289.1900,
289.2200,
294.0700,
295.3600,
298.5400,
300.1400,
302.3100,
314.7400,
318.0000,
309.4900,
310.5300,
309.5200,
307.4700,
308.8400,
308.0500,
307.8300,
305.2400,
300.9800,
304.1800,
309.3600,
312.8000,
318.2700,
317.1300,
318.6200,
316.0800,
318.0300,
316.6550,
308.0300,
307.0350,
301.5900,
300.5000,
308.4300,
306.7300,
313.3600,
308.7300,
314.7950,
315.0000,
316.8700,
311.1500,
316.4000,
318.1500,
317.4400,
320.1500,
318.2100,
321.0100,
319.7575,
320.5600,
321.6700,
320.2900,
320.3600,
321.2500,
320.6100,
322.2100,
324.2050,
325.1600,
323.6000,
324.6800,
325.4700,
325.2900,
323.6600,
322.5600,
329.5700,
331.2900,
334.0000,
333.7300,
336.1200,
342.4550,
341.6400,
344.4200,
345.6800,
348.4800,
340.6500,
338.8400,
332.6800,
326.7200,
337.4500,
341.4000,
343.8500,
343.2100,
336.1000,
339.3200,
345.0300,
344.3200,
343.4400,
346.5000,
351.8800,
355.2000,
358.1600,
354.5400,
356.8500,
359.1800,
359.9000,
363.1300,
358.3000,
350.5600,
338.6100,
342.6200,
342.8800,
348.1600,
353.2100,
349.3100,
352.1200,
359.5600,
360.0000,
355.3600,
355.7600,
352.4700,
346.6700,
351.9900,
353.5600,
345.4300,
330.0100,
334.6400,
330.6700,
339.3000,
341.2000,
339.1900,
344.9700,
351.5400,
350.4400,
350.9600,
348.6300,
348.5075,
344.5600,
341.1900,
338.8900,
338.0400,
338.0800,
335.0600,
330.8000,
332.4000,
336.1300,
332.4200,
327.4600,
331.8500,
337.8600,
342.4100,
350.6960,
353.0090,
350.4200,
350.1500,
346.7500,
350.1300,
346.2800,
348.2000,
349.5700,
346.7500,
346.6600,
347.6000,
349.4500,
347.2300,
346.5700,
340.5000,
333.3000,
336.1400,
339.8700,
340.5300,
335.2200,
334.4000,
332.1900,
336.7800,
335.0000,
337.4100,
347.8300,
345.5100,
346.1020,
343.4400,
338.0400,
332.0400,
332.2400,
331.4900,
325.9000,
326.6000,
332.4400,
326.7500,
325.1600,
320.2600,
315.3200,
325.3000,
322.6100,
331.2300,
326.3500,
332.0400,
335.2600,
334.0400,
335.6700,
343.2600,
349.4300,
351.7600,
357.2000,
359.7100,
354.0000,
353.7500,
358.0200,
357.7700,
364.9200,
373.8000,
376.8500,
386.9000,
387.2900,
393.3000,
398.5000,
403.4100,
392.5900,
391.8200,
390.4800,
396.7500,
388.9100,
392.5700,
377.3700,
373.6200,
353.2100,
374.0100,
363.6900,
373.7000,
376.9900,
383.4100,
380.4800,
380.4400,
366.0500,
356.0300,
356.4400,
373.6000,
376.1800,
373.7200,
383.5800,
389.9700,
389.9900,
384.8300,
381.0300,
374.0500,
379.7400,
383.9300,
384.1400,
377.4800,
379.9400,
384.6200,
389.3000,
392.9600,
400.5000,
411.6300,
413.4500,
412.1400,
401.8200,
404.3000,
403.1700,
399.2600,
397.0100,
390.5700,
381.3200,
374.6000,
372.5000,
378.2500,
377.3700,
369.8000,
388.8100,
400.2900,
402.1900,
408.4300,
422.0000,
419.9900,
422.2400,
398.6200,
395.3100,
392.8700,
405.7700,
397.7700,
400.6000,
404.6900,
404.9500,
404.7800,
396.5100,
397.4100,
403.0700,
400.2400,
399.7300,
406.2300,
395.2800,
385.2200,
384.6200,
379.2600,
388.8300,
384.7700,
377.4100,
374.9400,
369.0100,
376.5100,
366.9900,
363.5700,
376.1200,
373.2000,
382.2000,
387.9300,
389.7000,
393.0100,
390.9500,
389.0900,
390.6600,
393.6200,
391.8400,
388.8100,
380.1900,
378.9400,
381.0200,
382.2100,
395.9500,
396.4450,
398.5500,
403.3300,
406.5300,
402.6400,
405.1200,
405.0000,
411.2300,
413.4400,
418.0300,
422.4000,
421.7300,
423.2400,
422.5500,
421.3900,
419.8100,
424.7000,
429.1100,
427.7500,
420.3000,
427.4090,
420.4100,
446.6600,
444.6300,
447.2800,
453.0100,
456.4800,
456.1900,
455.1200,
459.6800,
463.9700,
468.8300,
476.6800,
493.1700,
493.4200,
502.6000,
509.4600,
497.6700,
502.2100,
502.1200,
514.8500,
513.0400,
516.3900,
522.4100,
525.7600,
535.4100,
542.4400,
544.4700,
545.1800,
533.1600,
530.2600,
530.6900,
541.9900,
545.1700,
552.0000,
568.1000,
589.5800,
585.5600,
585.5700,
601.1000,
605.9600,
602.5000,
599.3400,
596.0500,
606.9800,
614.4800,
617.6200,
609.8600,
599.5500,
618.6300,
629.3200,
624.3100,
633.6800,
636.2300,
628.4400,
626.2000,
622.7700,
605.2300,
580.1300,
609.7000,
608.3400,
587.4400,
572.9800,
571.7000,
560.2800,
610.0000,
607.7000,
603.0000,
583.9800,
582.1300,
585.9800,
581.8200,
565.2500,
569.4800,
568.1800,
569.1800,
570.5200,
566.7100,
558.2200,
553.1700,
546.0750,
530.1200,
530.3800,
561.2800,
556.9700,
570.5600,
565.3200,
562.2900,
572.2700,
579.1700,
577.7300,
560.9900,
564.2900,
562.8300,
571.4600,
571.7200,
580.3200,
571.1700,
576.1600,
572.1600,
571.5300,
574.1300,
585.7800,
587.4100,
585.7410,
577.6700,
582.1000,
570.7650,
572.0250,
574.5000,
569.0500,
584.0000,
592.5200,
599.4100,
609.9400,
605.8800,
613.8900,
608.2100,
604.4300,
598.9000,
604.9700,
606.9100,
606.9400,
606.2600,
614.3200,
604.3000,
603.8300,
600.9200,
574.9700,
574.8800,
585.1600,
595.0300,
610.7600,
606.8100,
607.7900,
615.7000,
622.5500,
620.9140,
619.8600,
620.7300,
621.7000,
630.0000,
631.6900,
630.8300,
636.3400,
648.1100,
665.1500,
656.0620,
668.8700,
662.6300,
663.2220,
675.6800,
674.8000,
673.4660,
663.8680,
665.2400,
674.9700,
670.2300,
676.2700,
680.4400,
662.7400,
660.5900,
669.7900,
682.9800,
691.2800,
699.7810,
701.9100,
702.1000,
698.7000,
700.0950,
690.7900,
673.5400,
665.1800,
681.3200,
667.1050,
659.3900,
661.3100,
671.4500,
666.8000,
652.5900,
638.1700,
635.8500,
640.9100,
628.1000,
629.7140,
634.7600,
649.7925,
644.6136,
632.6400,
609.8400,
634.0300,
613.3554,
616.8300,
609.5380,
604.0000,
595.3200,
596.5399,
576.8000,
584.6211,
582.8495,
558.0019,
537.7500,
547.0600,
542.8300,
542.8980,
536.8800,
525.6200,
527.6780,
565.7300,
560.9134,
561.7000,
571.5000,
589.5300,
584.7800,
582.9400,
589.3600,
585.2800,
586.1900,
575.8454,
538.7923,
547.2445,
533.2500,
529.8209,
541.3880,
539.0000,
529.6900,
509.7940,
518.8300,
533.9000,
526.3100,
521.7302,
519.3300,
520.1680,
512.9995,
515.0600,
509.5892,
532.1729,
549.0300,
542.0959,
527.0000,
523.9000,
525.3100,
517.1000,
523.5100,
520.3000,
501.7500,
485.9200,
506.0900,
502.6800,
500.0000,
504.7700,
514.0050,
450.5000,
439.8800,
449.8300,
458.2700,
456.8300,
455.4900,
453.6200,
442.3160,
457.8440,
457.3500,
468.2200,
474.9800,
479.9300,
467.9000,
467.0100,
466.5900,
460.1600,
459.9900,
448.8500,
446.0600,
450.8100,
442.8000,
448.9700,
444.5700,
441.4000,
430.4700,
420.0500,
431.1440,
425.6620,
430.5820,
431.7200,
437.8700,
428.4300,
428.3500,
432.5000,
443.6600,
455.7200,
454.4900,
452.0800,
452.7300,
461.9100,
463.5800,
461.1360,
452.0800,
442.6600,
428.9100,
429.7920,
431.9900,
427.7200,
423.2000,
426.2100,
426.9800,
435.6900,
434.3300,
429.8000,
419.8500,
426.2400,
402.8000,
392.0500,
390.5300,
398.6700,
406.1300,
405.4620,
408.3800,
417.2050,
430.1200,
442.7800,
439.2900,
445.5200,
449.9800,
460.7100,
458.6580,
463.8400,
456.7700,
452.9700,
454.7400,
443.8600,
428.8500,
434.5780,
433.2600,
442.9300,
439.6600,
441.3540,
442.1400,
445.1500,
441.4390,
444.9500,
451.5800,
449.7350,
450.7200,
449.3100,
445.1100,
438.4600,
441.8110,
438.8900,
437.6000,
432.1900,
435.9650,
430.0500,
432.0000,
431.7700,
423.0000,
416.8380,
413.5000,
402.5400,
402.6300,
398.0700,
393.7800,
396.5300,
409.2200,
418.4900,
420.8000,
417.4200,
415.0500,
422.3500,
420.7300,
427.2880,
426.5100,
427.4400,
430.1950,
430.3100,
431.7580,
424.9500,
426.3100,
418.9900,
440.5100,
438.5000,
440.9900,
447.7900,
453.3200,
452.5300,
456.6760,
462.5400,
469.4500,
465.2500,
464.9800,
461.0100,
454.4500,
467.3600,
489.5700,
498.5000,
497.9100,
502.3300,
507.7400,
501.0700,
502.3600,
502.9600,
501.0200,
502.9700,
488.5900,
490.8960,
491.7000,
487.2160,
488.5800,
498.6910,
495.2700,
498.2200,
506.1700,
494.6400,
467.7100,
472.6900,
464.9000,
450.1200,
455.3200,
464.6800,
472.3000,
467.4100,
490.6400,
489.1000,
481.5300,
486.2200,
482.7500,
476.7500,
487.9600,
489.5600,
483.4100,
483.0300,
487.7500,
480.9400,
486.5880,
489.6380,
492.8120,
496.0400,
498.6800,
501.1140,
504.5000,
508.8900,
521.3620,
519.8675,
524.9600,
531.9100,
525.9580,
529.8760,
516.6780,
524.8960,
522.7020,
520.0300,
526.7500,
525.4490,
520.9200,
512.4920,
520.5600,
519.0480,
520.0100,
520.6340,
528.1600,
524.9910,
518.6290,
519.5500,
515.0000,
521.1360,
519.8000,
523.7400,
533.4000,
545.9600,
556.0700,
551.2300,
566.3220,
565.0000,
567.9010,
560.0200,
566.4300,
565.5500,
561.3600,
560.5400,
554.4300,
557.5000,
554.9900,
550.7700,
544.4600,
549.0200,
570.0900,
567.6700,
563.9000,
560.0900,
554.5200,
561.0200,
553.1300,
540.9800,
543.9300,
540.0375,
543.4600,
536.5190,
532.9400,
535.7300,
546.3900,
557.3600,
554.2500,
540.6700,
549.0700,
551.5100,
556.1800,
546.0700,
550.5000,
506.5000,
500.7500,
499.7820,
500.6000,
501.5300,
508.7900,
512.5900,
512.5100,
519.6800,
528.9900,
535.9600,
535.9200,
544.4300,
543.9900,
545.9900,
537.3700,
531.1500,
525.2500,
527.5500,
522.0600,
517.3500,
527.6700,
526.2400,
527.7600,
531.2400,
532.3600,
530.7500,
530.4400,
530.9200,
536.0900,
536.6100,
530.6500,
524.6900,
526.7400,
531.4000,
531.2600,
528.7000,
532.8700,
539.1900,
544.9900,
539.7800,
537.4600,
536.8600,
536.7400,
541.6500,
542.5500,
538.7900,
531.8200,
523.4700,
523.4400,
530.3200,
523.4800,
519.6100,
521.6800,
517.9599,
519.0100,
524.9400,
531.1700,
531.6990,
524.7500,
567.7700,
571.9400,
594.0900,
592.3300,
590.0900,
591.4800,
592.5800,
600.9600,
594.4100,
592.3300,
587.9900,
585.5425,
592.8300,
593.7600,
593.8700,
588.8200,
597.5100,
604.5900,
604.7100,
606.3100,
607.2700,
614.1300,
625.6300,
624.0100,
635.3800,
633.0000,
628.6500,
637.5400,
644.8200,
647.3500,
645.5700,
93.7000,
94.2500,
93.8600,
92.2900,
91.2800,
92.2000,
92.0800,
92.1800,
91.8600,
90.9100,
90.8300,
90.2800,
90.3600,
90.9000,
91.9800,
92.9300,
93.5200,
93.4800,
94.0300,
95.9680,
95.3500,
95.3900,
95.0350,
95.2200,
96.4500,
95.3200,
94.7800,
93.0899,
94.4300,
93.9390,
94.7200,
97.1900,
97.0300,
97.6710,
99.0200,
98.3800,
98.1500,
95.6000,
96.1300,
95.5900,
95.1200,
94.9600,
94.4800,
94.7400,
95.9900,
95.9700,
97.2400,
97.5000,
97.9800,
99.1600,
100.5300,
100.5700,
100.5800,
101.3200,
101.5400,
100.8890,
102.1300,
102.2500,
102.5000,
103.3000,
98.9400,
98.1200,
98.9700,
98.3600,
97.9900,
101.0000,
101.4300,
101.6600,
101.6300,
100.8600,
101.5800,
101.7900,
100.9600,
101.0600,
102.6400,
101.7500,
97.8700,
100.7500,
100.1100,
100.7500,
99.1800,
99.9000,
99.6200,
99.6200,
98.7500,
100.8000,
101.0200,
100.7300,
99.8100,
98.7500,
97.5400,
96.2600,
97.6700,
99.7600,
102.4700,
102.9900,
104.8300,
105.2200,
105.1100,
106.7400,
107.3400,
106.9800,
108.0000,
109.4000,
108.6000,
108.8600,
108.7000,
109.0100,
108.8300,
109.7000,
111.2500,
112.8200,
114.1800,
113.9900,
115.4700,
114.6700,
116.3100,
116.4700,
118.6250,
117.6000,
119.0000,
118.9300,
115.0700,
114.6300,
115.9300,
115.4900,
115.0000,
112.4000,
114.1200,
111.9500,
111.6200,
109.7300,
108.2250,
106.7450,
109.4100,
112.6500,
111.7800,
112.9400,
112.5400,
112.0100,
113.9900,
113.9100,
112.5200,
110.3800,
109.3300,
106.2500,
106.2600,
107.7500,
111.8900,
112.0100,
109.2500,
110.2200,
109.8000,
106.8200,
105.9900,
108.7200,
109.5500,
112.4000,
112.9800,
113.1000,
109.1400,
115.3100,
118.9000,
117.1600,
118.6300,
118.6500,
119.5600,
119.9400,
118.9300,
119.7200,
122.0200,
124.8800,
126.4600,
127.0800,
127.8300,
128.7150,
128.4500,
129.4950,
133.0000,
132.1700,
128.7900,
130.4150,
128.4600,
129.0900,
129.3600,
128.5400,
126.4100,
126.6000,
127.1400,
124.5100,
122.2400,
124.4500,
123.5900,
124.9500,
127.0400,
128.4700,
127.4950,
125.9000,
127.2100,
126.6900,
123.3800,
124.2400,
123.2500,
126.3700,
124.4300,
124.2500,
125.3200,
127.3500,
126.0100,
125.6000,
126.5600,
127.1000,
126.8500,
126.3000,
126.7800,
126.1700,
124.7500,
127.6000,
126.9100,
128.6200,
129.6700,
130.2800,
132.6500,
130.5600,
128.6400,
125.1500,
128.9500,
128.7000,
125.8000,
125.0100,
125.2600,
127.6200,
126.3200,
125.8650,
126.0100,
128.9500,
128.7700,
130.1900,
130.0700,
130.0600,
131.3900,
132.5400,
129.6200,
132.0450,
131.7800,
130.2800,
130.5350,
129.9600,
130.1200,
129.3600,
128.6500,
127.8000,
127.4200,
128.8800,
128.5900,
127.1700,
126.9200,
127.6000,
127.3000,
127.8800,
126.6000,
127.6100,
127.0300,
128.1100,
127.5000,
126.7500,
124.5300,
125.4250,
126.6000,
126.4400,
126.0000,
125.6900,
122.5700,
120.0700,
123.2800,
125.6600,
125.6100,
126.8200,
128.5100,
129.6200,
132.0700,
130.7500,
125.2200,
125.1600,
124.5000,
122.7700,
123.3800,
122.9900,
122.3700,
121.3000,
118.4400,
114.6400,
115.4000,
115.1300,
115.5200,
119.7200,
113.4900,
115.2400,
115.1500,
115.9600,
117.1600,
116.5000,
115.0100,
112.6500,
105.7600,
103.1200,
103.7400,
109.6900,
112.9200,
113.2900,
112.7600,
107.7200,
112.3400,
110.3700,
109.2700,
112.3100,
110.1500,
112.5700,
114.2100,
115.3100,
116.2800,
116.4100,
113.9200,
113.4500,
115.2100,
113.4000,
114.3200,
115.0000,
114.7100,
112.4400,
109.0600,
109.9500,
109.5800,
110.3800,
110.7800,
111.3100,
110.7800,
109.5000,
112.1200,
111.6000,
111.7900,
110.2100,
111.8600,
111.0400,
111.7300,
113.7700,
113.7600,
115.5000,
119.0800,
115.2800,
114.5500,
119.2700,
120.5300,
119.5000,
121.1800,
122.5700,
122.0000,
120.9200,
121.0600,
120.5700,
116.7700,
116.1100,
115.7200,
112.3400,
114.1750,
113.6900,
117.2900,
118.7800,
119.3000,
117.7500,
118.8800,
118.0300,
117.8100,
118.3000,
117.3400,
116.2800,
115.2000,
119.0300,
118.2800,
118.2300,
115.6200,
116.1700,
113.1800,
112.4800,
110.4900,
111.3400,
108.9800,
106.0300,
107.3300,
107.2300,
108.6100,
108.0300,
106.8200,
108.7400,
107.3200,
105.2600,
105.3500,
102.7100,
100.7000,
96.4500,
96.9600,
98.5300,
99.9600,
97.3900,
99.5200,
97.1300,
96.6600,
96.7900,
96.3000,
101.4200,
99.4400,
99.9900,
93.4200,
94.0900,
97.3400,
96.4300,
94.4800,
96.3500,
96.6000,
94.0200,
95.0100,
94.9900,
94.2700,
93.7000,
93.9900,
96.6400,
98.1200,
96.2600,
96.0400,
96.8800,
94.6900,
96.1000,
96.7600,
96.9100,
96.6900,
100.5300,
100.7500,
101.5000,
103.0100,
101.8700,
101.0300,
101.1200,
101.1700,
102.2600,
102.5200,
104.5800,
105.9700,
105.8000,
105.9200,
105.9100,
106.7200,
106.1300,
105.6700,
105.1900,
107.6800,
109.5600,
108.9900,
109.9900,
111.1200,
109.8100,
110.9600,
108.5400,
108.6600,
109.0200,
110.4400,
112.0400,
112.1000,
109.8500,
107.4800,
106.9100,
107.1300,
105.9700,
105.6800,
105.0800,
104.3500,
97.8200,
94.8300,
93.7400,
93.6400,
95.1800,
94.1900,
93.2400,
92.7200,
92.7900,
93.4200,
92.5100,
90.3400,
90.5200,
93.8800,
93.4900,
94.5600,
94.2000,
95.2200,
96.4300,
97.9000,
99.6200,
100.4100,
100.3500,
99.8600,
98.4600,
97.7200,
97.9200,
98.6300,
99.0300,
98.9400,
99.6500,
98.8300,
97.3400,
97.4600,
97.1400,
97.5500,
95.3300,
95.1000,
95.9100,
95.5500,
96.1000,
93.4000,
92.0400,
93.5900,
94.4000,
95.6000,
95.8900,
94.9900,
95.5300,
95.9400,
96.6800,
96.9800,
97.4200,
96.8700,
98.7900,
98.7800,
99.8300,
99.8700,
99.9600,
99.4300,
98.6600,
97.3400,
96.6700,
102.9500,
104.3400,
104.2100,
106.0500,
104.4800,
105.7900,
105.8700,
107.4800,
108.3700,
108.8100,
108.0000,
107.9300,
108.1800,
109.4800,
109.3800,
109.2200,
109.0800,
109.3600,
108.5100,
108.8500,
108.0300,
107.5700,
106.9400,
106.8200,
106.0000,
106.1000,
106.7300,
107.7300,
107.7000,
108.3600,
105.5200,
103.1300,
105.4400,
107.9500,
111.7700,
115.5700,
114.9200,
113.5800,
113.5700,
113.5500,
114.6200,
112.7100,
112.8800,
113.0900,
113.9500,
112.1800,
113.0500,
112.5200,
113.0000,
113.0500,
113.8900,
114.0600,
116.0500,
116.3000,
117.3400,
116.9800,
117.6300,
117.5500,
117.4700,
117.1200,
117.0600,
116.6000,
117.6500,
118.2500,
115.5900,
114.4800,
113.7200,
113.5400,
111.4900,
111.5900,
109.8300,
108.8400,
110.4100,
111.0600,
110.8800,
107.7900,
108.4300,
105.7100,
107.1100,
109.9900,
109.9500,
110.0600,
111.7300,
111.8000,
111.2300,
111.7900,
111.5700,
111.4600,
110.5200,
109.4900,
109.9000,
109.1100,
109.9500,
111.0300,
112.1200,
113.9500,
113.3000,
115.1900,
115.1900,
115.8200,
115.9700,
116.6400,
116.9500,
117.0600,
116.2900,
116.5200,
117.2600,
116.7600,
116.7300,
115.8200,
116.1500,
116.0200,
116.6100,
117.9100,
118.9900,
119.1100,
119.7500,
119.2500,
119.0400,
120.0000,
119.9900,
119.7800,
120.0000,
120.0800,
119.9700,
121.8800,
121.9400,
121.9500,
121.6300,
121.3500,
128.7500,
128.5300,
129.0800,
130.2900,
131.5300,
132.0400,
132.4200,
132.1200,
133.2900,
135.0200,
135.5100,
135.3450,
135.7200,
136.7000,
137.1100,
136.5300,
136.6600,
136.9300,
136.9900,
139.7900,
138.9600,
139.7800,
139.3400,
139.5200,
139.0000,
138.6800,
139.1400,
139.2000,
138.9900,
140.4600,
140.6900,
139.9900,
141.4600,
139.8400,
141.4200,
140.9200,
140.6400,
140.8800,
143.8000,
144.1200,
143.9300,
143.6600,
143.7000,
144.7700,
144.0200,
143.6600,
143.3400,
143.1700,
141.6300,
141.8000,
141.0500,
141.8300,
141.2000,
140.6800,
142.4400,
142.2700,
143.6400,
144.5300,
143.6800,
143.7900,
143.6500,
146.5800,
147.5100,
147.0600,
146.5300,
148.9600,
153.0100,
153.9900,
153.2600,
153.9500,
156.1000,
155.7000,
155.4700,
150.2500,
152.5400,
153.0600,
153.9900,
153.8000,
153.3400,
153.8700,
153.6100,
153.6700,
152.7600,
153.1800,
155.4500,
153.9300,
154.4500,
155.3700,
154.9900,
148.9800,
145.4200,
146.5900,
145.1600,
144.2900,
142.2700,
146.3400,
145.0100,
145.8700,
145.6300,
146.2800,
145.8200,
143.7300,
145.8300,
143.6800,
144.0200,
143.5000,
144.0900,
142.7300,
144.1800,
145.0600,
145.5300,
145.7400,
147.7700,
149.0400,
149.5600,
150.0800,
151.0200,
150.3400,
150.2700,
152.0900,
152.7400,
153.4600,
150.5600,
149.5000,
148.7300,
150.0500,
157.1400,
155.5700,
156.3900,
158.8100,
160.0800,
161.0600,
155.3200,
157.4800,
159.8500,
161.6000,
160.9500,
157.8600,
157.5000,
157.2100,
159.7800,
159.9800,
159.2700,
159.8600,
161.4700,
162.9100,
163.3500,
164.0000,
164.0500,
162.0800,
161.9100,
161.2600,
158.6300,
161.5000,
160.8600,
159.6500,
158.2800,
159.8800,
158.6700,
158.7300,
156.0700,
153.3900,
151.8900,
150.5500,
153.1400,
154.2300,
153.2800,
154.1200,
153.8100,
154.4800,
153.4800,
155.3900,
155.3000,
155.8400,
155.9000,
156.5500,
156.0000,
156.9900,
159.8800,
160.4700,
159.7600,
155.9800,
156.2500,
156.1700,
157.1000,
156.4100,
157.4100,
163.0500,
166.7200,
169.0400,
166.8900,
168.1100,
172.5000,
174.2500,
174.8100,
176.2400,
175.8800,
174.6700,
173.9700,
171.3400,
169.0800,
171.1000,
170.1500,
169.9800,
173.1400,
174.9600,
174.9700,
174.0900,
173.0700,
169.4800,
171.8500,
171.0500,
169.8000,
169.6400,
169.0100,
169.3200,
169.3700,
172.6700,
171.7000,
172.2700,
172.2200,
173.9700,
176.4200,
174.5400,
174.3500,
175.0100,
175.0100,
170.5700,
170.6000,
171.0800,
169.2300,
172.2600,
172.2300,
173.0300,
175.0000,
174.3500,
174.3300,
174.2900,
175.2800,
177.0900,
176.1900,
179.1000,
179.2600,
178.4600,
177.0000,
177.0400,
174.2200,
171.1100,
171.5100,
167.9600,
166.9700,
167.4300,
167.7800,
160.5000,
156.4900,
163.0300,
159.5400,
155.1500,
156.4100,
162.7100,
164.3400,
167.3700,
172.9900,
172.4300,
171.8500,
171.0700,
172.5000,
175.5000,
178.9700,
178.3900,
178.1200,
175.0000,
176.2100,
176.8200,
176.6700,
175.0300,
176.9400,
179.9800,
181.7200,
179.9700,
178.4400,
178.6500,
178.0200,
175.3000,
175.2400,
171.2700,
168.8500,
164.9400,
172.7700,
168.3400,
166.4800,
167.7800,
166.6800,
168.3900,
171.6100,
172.8000,
168.3800,
170.0500,
173.2500,
172.4400,
174.1400,
174.7300,
175.8200,
178.2400,
177.8400,
172.8000,
165.7200,
165.2400,
162.9400,
163.6500,
164.2200,
162.3200,
165.2600,
169.1000,
176.5700,
176.8900,
183.8300,
185.1600,
186.0500,
187.3600,
190.0400,
188.5900,
188.1500,
186.4400,
188.1800,
186.9900,
186.3100,
187.6300,
187.1600,
188.3600,
188.1500,
188.5800,
187.9000,
187.5000,
186.8700,
190.2400,
191.8300,
193.3100,
193.9800,
193.4600,
191.7000,
191.2300,
192.2800,
190.7000,
190.8000,
188.8400,
188.7400,
185.6900,
186.5000,
185.4600,
184.9200,
182.1700,
184.4300,
184.1600,
185.5000,
185.1100,
187.1800,
183.9200,
185.4000,
187.9700,
190.5800,
190.3500,
187.8800,
191.0300,
191.3300,
190.9100,
191.4500,
190.4000,
191.8800,
191.4400,
191.6100,
193.0000,
194.8200,
194.2100,
190.9800,
189.9100,
190.2900,
201.5000,
207.3900,
207.9900,
209.0700,
207.1100,
207.2500,
208.8800,
207.5300,
208.8700,
209.7500,
210.2400,
213.3200,
217.5800,
215.4600,
215.0400,
215.0500,
215.4900,
216.1600,
217.9400,
219.7000,
222.9800,
225.0300,
227.6300,
228.3600,
226.8700,
223.1000,
221.3000,
218.3300,
223.8500,
221.0700,
226.4100,
223.8400,
217.8800,
218.2400,
218.3700,
220.0300,
217.6600,
220.7900,
222.1900,
220.4200,
224.9500,
225.7400,
227.2600,
229.2800,
232.0700,
227.9900,
224.2900,
223.7700,
226.8700,
216.3600,
214.4500,
222.1100,
217.3600,
222.1500,
221.1900,
216.0200,
219.3100,
220.6500,
222.7300,
215.0900,
219.8000,
216.3000,
212.2400,
213.3000,
218.8600,
222.2200,
207.4800,
201.5900,
203.7700,
209.9500,
208.4900,
204.4700,
194.1700,
192.2300,
186.8000,
191.4100,
193.5300,
185.8600,
176.9800,
176.7800,
172.2900,
174.6200,
174.2400,
180.9400,
179.5500,
178.5800,
184.8200,
176.6900,
174.7200,
168.4900,
169.6000,
168.6300,
169.1000,
170.9500,
165.4800,
163.9400,
166.0700,
160.8900,
156.8300,
150.7300,
146.8300,
157.1700,
156.1500,
156.2300,
157.7400,
157.9200,
142.1900,
148.2600,
147.9300,
150.7500,
153.3100,
153.8000,
152.2900,
150.0000,
153.0700,
154.9400,
155.8600,
156.8200,
153.3000,
153.9200,
152.7000,
157.7600,
156.3000,
154.6800,
165.2500,
166.4400,
166.5200,
171.2500,
174.1800,
174.2400,
170.9400,
170.4100,
169.4300,
170.8900,
170.1800,
170.8000,
170.4200,
170.9300,
172.0300,
171.0600,
172.9700,
174.2300,
174.3300,
174.8700,
173.1500,
174.9700,
175.8500,
175.5300,
174.5200,
172.5000,
172.9100,
178.9000,
180.9100,
181.7100,
183.7300,
186.1200,
188.0200,
186.5300,
188.1600,
195.0900,
191.0500,
188.7400,
186.7900,
188.4700,
188.7200,
189.9500,
191.2400,
194.0200,
195.3500,
195.6900,
197.0000,
200.1000,
199.5000,
200.6200,
198.9500,
198.8700,
199.2300,
199.2500,
203.1300,
203.8600,
204.5300,
207.4800,
207.1600,
205.2800,
204.3000,
204.6100,
200.6700,
210.5200,
209.1500,
211.7500,
208.4800,
202.8600,
202.9000,
200.7200,
197.1800,
185.7200,
188.6600,
190.9200,
190.0800,
189.0000,
183.0900,
186.6000,
182.7800,
179.6600,
178.9700,
178.2300,
177.3800,
178.3000,
175.0700,
173.3000,
179.6400,
182.5400,
185.2200,
190.1500,
192.5800,
194.8100,
194.1900,
194.1500,
192.7400,
193.8900,
198.4500,
197.8700,
199.4600,
198.7800,
198.5800,
195.5700,
199.8000,
199.7400,
197.9200,
201.5500,
202.7300,
204.4100,
204.2300,
200.0200,
201.2400,
203.2300,
201.7500,
203.3000,
205.2100,
204.5000,
203.3500,
205.6600,
202.5900,
207.2200,
208.8400,
208.6700,
207.0200,
207.7400,
209.6800,
208.7800,
213.0400,
208.4300,
204.0200,
193.3400,
197.0000,
199.0400,
203.4300,
200.9900,
200.4800,
208.9700,
202.7500,
201.7400,
206.5000,
210.3500,
210.3600,
212.6400,
212.4600,
202.6400,
206.4900,
204.1600,
205.5300,
209.0100,
208.7400,
205.7000,
209.1900,
213.2800,
213.2600,
214.1700,
216.7000,
223.5900,
223.0900,
218.7500,
219.9000,
220.7000,
222.7700,
220.9600,
217.7300,
218.7200,
217.6800,
221.0300,
219.8900,
218.8200,
223.9700,
224.5900,
218.9600,
220.8200,
227.0100,
227.0600,
224.4000,
227.0300,
230.0900,
236.2100,
235.8700,
235.3200,
234.3700,
235.2800,
236.4100,
240.5100,
239.9600,
243.1800,
243.5800,
246.5800,
249.0500,
243.2900,
243.2600,
248.7600,
255.8200,
257.5000,
257.1300,
257.2400,
259.4300,
260.1400,
262.2000,
261.9600,
264.4700,
262.6400,
265.7600,
267.1000,
266.2900,
263.1900,
262.0100,
261.7800,
266.3700,
264.2900,
267.8400,
267.2500,
264.1600,
259.4500,
261.7400,
265.5800,
270.7100,
266.9200,
268.4800,
270.7700,
271.4600,
275.1500,
279.8600,
280.4100,
279.7400,
280.0200,
279.4400,
284.0000,
284.2700,
289.9100,
289.8000,
291.5200,
293.6500,
300.3500,
297.4300,
299.8000,
298.3900,
303.1900,
309.6300,
310.3300,
316.9600,
312.6800,
311.3400,
315.2400,
318.7300,
316.5700,
317.7000,
319.2300,
318.3100,
308.9500,
317.6900,
324.3400,
323.8700,
309.5100,
308.6600,
318.8500,
321.4500,
325.2100,
320.0300,
321.5500,
319.6100,
327.2000,
324.8700,
324.9500,
319.0000,
323.6200,
320.3000,
313.0500,
298.1800,
288.0800,
292.6500,
273.5200,
273.3600,
298.8100,
289.3200,
302.7400,
292.9200,
289.0300,
266.1700,
285.3400,
275.4300,
248.2300,
277.9700,
242.2100,
252.8600,
246.6700,
244.7800,
229.2400,
224.3700,
246.8800,
245.5200,
258.4400,
247.7400,
254.8100,
254.2900,
240.9100,
244.9300,
241.4100,
262.4700,
259.4300,
266.0700,
267.9900,
273.2500,
287.0500,
284.4300,
286.6900,
282.8000,
276.9300,
268.3700,
276.1000,
275.0300,
282.9700,
283.1700,
278.5800,
287.7300,
293.8000,
289.0700,
293.1600,
297.5600,
300.6300,
303.7400,
310.1300,
315.0100,
311.4100,
307.6500,
309.5400,
307.7100,
314.9600,
313.1400,
319.2300,
316.8500,
318.8900,
316.7300,
318.1100,
318.2500,
317.9400,
321.8500,
323.3400,
325.1200,
322.3200,
331.5000,
333.4600,
343.9900,
352.8400,
335.9000,
338.8000,
342.9900,
352.0800,
351.5900,
351.7300,
349.7200,
358.8700,
366.5300,
360.0600,
364.8400,
353.6300,
361.7800,
364.8000,
364.1100,
364.1100,
373.8500,
372.6900,
381.3700,
383.0100,
383.6800,
381.9100,
388.2300,
390.9000,
386.0900,
385.3100,
393.4300,
388.0000,
389.0900,
371.3800,
370.4600,
379.2400,
373.0100,
380.1600,
384.7600,
425.0400,
435.7500,
438.6600,
440.2500,
455.6100,
444.4500,
450.9100,
437.5000,
452.0400,
460.0400,
459.6300,
458.4300,
462.2500,
462.8300,
473.1000,
497.4800,
503.4300,
499.3000,
506.0900,
500.0400,
499.2300,
129.0400,
134.1800,
131.4000,
120.8800,
120.9600,
112.8200,
117.3200,
113.4900,
112.0000,
115.3550,
115.5400,
112.1300,
110.3400,
106.8400,
110.0800,
111.8100,
107.1200,
108.2200,
112.2800,
114.9600,
114.0900,
115.8100,
116.7900,
113.0200,
116.5000,
113.1600,
115.0800,
114.9700,
116.9700,
124.4000,
121.1000,
121.1900,
120.7100,
119.0200,
115.9800,
117.5100,
116.8700,
115.7500,
115.0400,
115.0500,
116.6000,
111.2000,
115.3200,
108.8600,
108.7700,
110.4400,
114.9500,
119.0300,
118.6900,
116.3200,
115.9700,
119.4900,
119.2100,
119.2600,
120.3000,
119.3900,
118.0300,
118.6400,
117.3400,
113.8500,
115.1700,
116.0300,
116.5900,
119.0500,
122.7200,
123.0800,
122.9400,
122.2500,
123.7500,
124.3800,
121.7800,
123.2400,
122.4100,
121.7800,
127.8800,
127.8100,
128.7000,
126.6550,
128.2300,
131.8800,
130.9600,
131.9700,
136.6900,
134.8700,
133.7200,
132.6900,
129.4100,
131.0100,
126.6000,
130.9200,
132.0500,
128.9800,
128.8000,
130.8900,
128.9100,
127.1400,
127.8300,
132.0300,
136.8700,
139.0700,
142.9200,
143.1600,
142.0600,
137.0900,
131.9600,
134.1400,
134.9900,
133.9400,
137.3900,
136.7600,
136.9100,
136.0100,
135.3900,
135.1300,
135.3700,
133.1900,
130.8400,
129.7100,
129.8700,
126.0000,
125.8600,
125.3500,
120.9900,
121.2600,
127.7900,
125.1200,
122.0600,
120.1300,
121.4200,
116.3600,
121.0850,
119.9800,
121.9600,
121.0300,
123.9900,
125.5700,
124.7600,
120.5300,
119.9900,
123.3900,
122.5400,
120.0900,
120.5900,
121.2100,
121.3900,
119.9000,
122.1500,
123.0000,
125.9000,
126.2100,
127.9000,
130.3600,
132.9950,
131.2400,
134.4300,
132.0300,
134.5000,
134.1600,
134.8400,
133.1100,
133.5000,
131.9400,
134.3200,
134.7200,
134.3900,
133.5800,
133.4800,
131.4600,
132.5400,
127.8500,
128.1000,
129.7400,
130.2100,
126.8500,
125.9100,
122.7700,
124.9700,
127.4500,
126.2700,
124.8500,
124.6900,
127.3100,
125.4300,
127.1000,
126.9000,
126.8500,
125.2800,
124.6100,
124.2800,
125.0600,
123.5400,
125.8900,
125.9000,
126.7400,
127.1300,
126.1100,
127.3500,
130.4800,
129.6400,
130.1500,
131.7900,
130.4600,
132.3000,
133.9800,
133.7000,
133.4100,
133.1100,
134.7800,
136.3300,
136.9600,
137.2700,
139.9600,
142.0200,
144.5700,
143.2400,
145.1100,
144.5000,
145.6400,
149.1500,
148.4800,
146.3900,
142.4500,
146.1500,
145.4000,
146.8000,
148.5600,
148.9900,
146.7700,
144.9800,
145.6400,
145.8600,
145.5200,
147.3600,
146.9500,
147.0600,
146.1400,
146.0900,
145.6000,
145.8600,
148.8900,
149.1000,
151.1200,
150.1900,
146.3600,
146.7000,
148.1900,
149.7100,
149.6200,
148.3600,
147.5400,
148.6000,
153.1200,
151.8300,
152.5100,
153.6500,
154.3000,
156.6900,
155.1100,
154.0700,
148.9700,
149.5500,
148.1200,
149.0300,
148.7900,
146.0600,
142.9400,
143.4300,
145.8500,
146.8300,
146.9200,
145.3700,
141.9100,
142.8300,
141.5000,
142.6500,
139.1400,
141.1100,
142.0000,
143.2900,
142.9000,
142.8100,
141.5100,
140.9100,
143.7600,
144.8400,
146.5500,
148.7600,
149.2600,
149.4800,
148.6900,
148.6400,
149.3200,
148.8500,
152.5700,
149.8000,
148.9600,
150.0200,
151.4900,
150.9600,
151.2800,
150.4400,
150.8100,
147.9200,
147.8700,
149.9900,
150.0000,
151.0000,
153.4900,
157.8700,
160.5500,
161.0200,
161.4100,
161.9400,
156.8100,
160.2400,
165.3000,
164.7700,
163.7600,
161.8400,
165.3200,
171.1800,
175.0800,
174.5600,
179.4500,
175.7400,
174.3300,
179.3000,
172.2600,
171.1400,
169.7500,
172.9900,
175.6400,
176.2800,
180.3300,
179.2900,
179.3800,
178.2000,
177.5700,
182.0100,
179.7000,
174.9200,
172.0000,
172.1700,
172.1900,
175.0800,
175.5300,
172.1900,
173.0700,
169.8000,
166.2300,
164.5100,
162.4100,
161.6200,
159.7800,
159.6900,
159.2200,
170.3300,
174.7800,
174.6100,
175.8400,
172.9000,
172.3900,
171.6600,
174.8300,
176.2800,
172.1200,
168.6400,
168.8800,
172.7900,
172.5500,
168.8800,
167.3000,
164.3200,
160.0700,
162.7400,
164.8500,
165.1200,
163.2000,
166.5600,
166.2300,
163.1700,
159.3000,
157.4400,
162.9500,
158.5200,
154.7300,
150.6200,
155.0900,
159.5900,
160.6200,
163.9800,
165.3800,
168.8200,
170.2100,
174.0700,
174.7200,
175.6000,
178.9600,
177.7700,
174.6100,
174.3100,
178.4400,
175.0600,
171.8300