1332807.9,
2810734.3,
988030,
1165387,
2841815,
3515166.5,
1818420.4,
1416095.5,
1080788.3,
-1093750.5,
-1755061.8,
-3569188.8,
-4602438.5,
-6151821,
-6807835.5,
-9429174,
-12563049,
-9917004,
-7336721,
-4780926.5,
-9215577,
-8076482,
-6040189.5,
-4602205.5,
-4443935,
-6127857.5,
-5009545,
-5159933,
-6966553.5,
-8443293,
-6041563,
-4540454,
-3883243.8,
-2553773.5,
-2464361.3,
-4414615.5,
-4554842.5,
-2679766,
-956863.25,
-1572373.5,
-2973083.5,
-2622393.8,
-2357861.5,
-913974.1,
-1517038,
-1404548.1,
-5985811,
-13940464,
-13620846,
-13555586,
-11681886,
-11081393,
-9899309,
-8927857,
-6984245.5,
-5435119,
-5864803.5,
-4413796,
-4608473.5,
-6370824.5,
-6380898,
-6476579.5,
-4871640,
-2157806.3,
-811898.9,
-2316080,
-2104015,
-1691151.8,
-1730865.8,
-1296279.3,
-2831488.5,
-3165993.5,
-4541774,
-6555172,
-4950851,
-3967986.5,
1388373,
-2475100,
-1235699,
1200531.3,
-1767632.5,
-1419099.5,
-4101199,
-7781131,
-10265536,
-8643323,
-7703235.5,
-7143393,
-9860064,
-11507421,
-9234934,
-9549261,
-9833087,
-10175490,
-12476202,
-14940088,
-15901377,
-16293581,
-16297795,
-16877302,
-16855258,
-15749950,
-15884937,
-15519413,
-15647162,
-15455780,
-16124576,
-16643175,
-15938555,
-14087980,
-15455701,
-15263427,
-15494410,
-15474601,
-15148270,
-15234249,
-15490108,
-16761628,
-17554384,
-18075648,
-19637090,
-19326106,
-18734006,
-18696968,
-18528488,
-19277700,
-19784504,
-21157152,
-18769740,
-19487684,
-18786476,
-19488390,
-17680478,
-17110272,
-17149988,
-17659938,
-18918212,
-19340044,
-16505358,
-15233737,
-15099400,
-15766783,
-14778132,
-15324560,
-13362692,
-12860346,
-12022232,
-12904866,
-13204685,
-13800569,
-14186035,
-13413239,
-15060484,
-15407144,
-15079278,
-14666472,
-14630297,
-15245057,
-16119417,
-16319489,
-13905988,
-13264741,
-14051327,
-14155245,
-15142115,
-15265148,
-15100555,
-15082029,
-14789941,
-14832104,
-14651344,
-15436488,
-15271909,
-15353845,
-15892811,
-14598659,
-13503042,
-13709250,
-14625477,
-15340678,
-14843687,
-17917978,
-15338751,
-13813688,
-13240387,
-15613183,
-16210420,
-15788735,
-17149258,
-16175140,
-18083308,
-19228412,
-20237178,
-20380042,
-20676994,
-21383168,
-22260218,
-22105358,
-21974470,
-21817856,
-22816764,
-24332060,
-23346022,
-24482652,
-24728524,
-24100622,
-25384534,
-26077672,
-25617634,
-25845884,
-26316834,
-26322806,
-27745782,
-27016434,
-27438286,
-27248932,
-26740152,
-26031146,
-26002760,
-25903324,
-26945206,
-25793240,
-27699162,
-27617884,
-26773452,
-26007924,
-28067836,
-30042546,
-26816274,
-26158768,
-24066920,
-24348930,
-25410756,
-25679236,
-22923012,
-23818026,
-21496238,
-21415502,
-21015198,
-20850910,
-21084744,
-22583170,
-21769154,
-22046134,
-20821006,
-21249266,
-21022838,
-22624626,
-20965616,
-23134988,
-21708334,
-23468588,
-25043672,
-26103012,
-26320758,
-28050374,
-28868058,
-30446132,
-29441792,
-29581284,
-30086886,
-30453958,
-28506294,
-27730014,
-32842816,
-32296156,
-28367876,
-27619764,
-28784798,
-30888120,
-30096460,
-31913838,
-30720928,
-36745036,
-30058384,
-31951154,
-30136244,
-27572594,
-25090642,
-33441552,
-33763900,
-29762462,
-29118508,
-29004062,
-26311380,
-26430698,
-25582424,
-24135200,
-23150772,
-23264730,
-23124952,
-22776982,
-22305192,
-22388128,
-22000326,
-24257324,
-23612408,
-24281380,
-27166430,
-21621986,
-16515898,
-15754035,
-16018269,
-19101584,
-21008296,
-24697242,
-27584316,
-28186704,
-26930664,
-25569244,
-27013356,
-26872742,
-24369744,
-25307448,
-30424924,
-27022856,
-28772964,
-26260776,
-25512072,
-24471064,
-22809554,
-24706328,
-25381522,
-24191820,
-27547668,
-29912578,
-28389024,
-29068166,
-28981866,
-32753866,
-32304100,
-31752768,
-33116206,
-31360694,
-31799900,
-32748512,
-32302804,
-32201450,
-32569760,
-37636050,
-38600860,
-38968296,
-39807516,
-41274100,
-39017810,
-38196716,
-38589136,
-37733348,
-37038340,
-37744544,
-37787876,
-37524120,
-41590084,
-41123756,
-38791692,
-38429650,
-43167960,
-47390540,
-49248456,
-49090764,
-40419130,
-45561550,
-41080484,
-42567344,
-42574524,
-41945080,
-41074760,
-40393396,
-41964140,
-38939510,
-37341250,
-36740548,
-36935372,
-30389136,
-36392080,
-37819404,
-37726740,
-40421180,
-37285320,
-41608052,
-37734628,
-38931840,
-40417932,
-39368100,
-42864536,
-48930064,
-50462040,
-42447396,
-45475604,
-53926016,
-48094508,
-45579572,
-39964390,
-40188796,
-45448970,
-43024070,
-37052776,
-45927216,
-21929500,
-22099874,
-4683832,
-1458057,
-10019835,
124548376,
124611470,
125104580,
124395180,
125110540,
124111690,
122556856,
121767020,
121733930,
121490710,
121599064,
121645910,
120924470,
119413490,
121041100,
120331780,
121602504,
120574330,
120418310,
119907256,
117607370,
113860970,
113590984,
113103740,
113609870,
112536580,
112658890,
113719944,
113648150,
113961600,
113485940,
113541900,
114019140,
113727150,
112947176,
113051750,
112996890,
112871540,
112229544,
112322130,
111571416,
111571416,
111637850,
111367464,
110211480,
111301336,
110670420,
111623480,
110915820,
109230010,
109369130,
109357740,
109415384,
108519440,
107908190,
107476660,
109577790,
108651550,
107919520,
107717840,
107111656,
107338584,
107218620,
107125290,
106658790,
106691410,
106678984,
106542856,
106682330,
106518100,
106727490,
106242310,
106439010,
105481720,
105718020,
105411770,
105907660,
106329464,
105810310,
105216830,
104852500,
104475290,
103981520,
103142290,
103891144,
103182080,
102291624,
102773920,
102751580,
101876024,
101989880,
100723070,
101759816,
102900460,
103440790,
103182310,
103631350,
102056616,
101276440,
100973940,
99708130,
100299360,
97694040,
98298910,
97575850,
100311190,
100397064,
98980510,
101707560,
97913120,
98311300,
90635190,
92814904,
97422140,
98001690,
100034670,
96639704,
110323470,
99130340,
106153590,
108719784,
103903700,
108759990,
109391120,
111228080,
107687624,
110487170,
101397590,
101444504,
104919016,
104018470,
105966000,
107583080,
108165336,
108408880,
107863670,
108237250,
108231416,
108435336,
107888340,
108054270,
107915200,
108341800,
107998340,
107722090,
106332000,
106469410,
107939496,
108018080,
107186504,
106072720,
107182600,
107258090,
107136070,
107039200,
107274290,
106976376,
106599280,
106774250,
107185290,
106448630,
106352500,
105664240,
105222890,
105362970,
105073370,
105406296,
104843090,
104581530,
104365624,
104374480,
104138696,
104115256,
103006840,
103057950,
103028930,
103097370,
103034440,
102471780,
102009944,
101959810,
101768400,
101581400,
101958344,
101604710,
101361656,
101104630,
101534760,
101671090,
101707260,
101358216,
101523720,
101242300,
101268970,
101388810,
101613420,
101679430,
101553544,
101290620,
101470510,
101263170,
101281960,
101144310,
101079530,
100919420,
100910880,
100948030,
100701540,
99741400,
99053110,
99057510,
99617570,
99435384,
99217410,
99184670,
98884310,
98934300,
98520940,
98438380,
98363784,
98457176,
98514230,
98574760,
97824350,
97571280,
97232056,
97598216,
97590560,
96762920,
96461650,
97392104,
97319450,
96736290,
96829624,
96946180,
96469740,
96562530,
96300104,
96629256,
96839310,
96668460,
96591770,
96383820,
97023200,
97122460,
96143220,
95824376,
95742104,
95744350,
95375840,
95041176,
95353940,
95381100,
95115410,
94942780,
95240264,
94366136,
95445240,
95463510,
95174870,
95173710,
94646344,
94003610,
94186580,
95645010,
94731620,
94794250,
95122136,
94402136,
94034960,
93061570,
95318770,
96486390,
98018740,
97340150,
97433580,
97270570,
97222360,
97341850,
97356800,
97183980,
96716350,
96997944,
96839490,
96934870,
96993710,
96829944,
96676000,
96807290,
96605790,
96452180,
96815576,
96825590,
96686410,
96527410,
95967090,
96159270,
96167100,
95721020,
96001460,
96049600,
96123200,
95954810,
96032630,
95695560,
95584280,
95742840,
95746600,
95832590,
95532440,
95145256,
94561220,
94130420,
93638430,
92212744,
92488950,
92880424,
92733464,
92867390,
92965860,
93106696,
93623310,
94216120,
93489810,
94551120,
94739870,
94857176,
94424760,
93529784,
96072600,
96699320,
96985390,
96977750,
97876550,
98204250,
97811380,
98236020,
96058696,
96494670,
96466420,
96555370,
96716010,
96752030,
96475640,
96396376,
96292860,
95802030,
95800270,
95750110,
95758520,
95940630,
95740950,
95818790,
95531770,
95404664,
95364230,
95209240,
94810024,
94651070,
94516510,
94476970,
94033050,
94490776,
95009810,
96088990,
94986560,
94712410,
94921860,
94527310,
94224520,
93883336,
93740390,
93384730,
92581176,
92522376,
92766070,
92880296,
92930310,
92800770,
92507280,
92783784,
92731070,
92718530,
92581750,
92391270,
92539350,
92418030,
92344550,
92393240,
92311600,
92404570,
92225210,
92362984,
92461704,
93006870,
92994440,
92464630,
91562330,
91542750,
91105830,
88445760,
88720080,
89033450,
88217430,
88402230,
88279810,
89054780,
88872220,
88691780,
88345260,
87694660,
88107210,
88461980,
88318296,
87633250,
86608540,
86739290,
83000824,
87098400,
87058504,
86653656,
86626456,
87009130,
84563816,
87106910,
89728260,
90997980,
92087544,
91519510,
91901870,
92956264,
92570700,
92439290,
92796080,
92519350,
94112936,
94579100,
96456340,
95121650,
95348530,
95705130,
94172600,
94270740,
93955510,
94766630,
94843370,
96946750,
98470696,
97961550,
96497190,
97860010,
98376070,
100199050,
100697700,
100931760,
99993270,
99285430,
101953850,
106097304,
105517310,
104585990,
104357710,
105261730,
105744830,
104867864,
106244900,
105976020,
105775130,
105286360,
105834070,
105960740,
105296824,
106178340,
104346216,
104720210,
106026480,
105621144,
105699176,
106227760,
106740550,
106442540,
106234616,
106081256,
105975630,
105492630,
105689810,
105515310,
104150890,
104440616,
104235980,
104217190,
104155840,
105031160,
105510010,
104347740,
104797300,
103822850,
104334600,
104613500,
105176770,
105356660,
105218110,
104660780,
104412500,
104077460,
103913030,
103762130,
103703600,
103664770,
103663550,
103722710,
104071300,
103513290,
103097350,
103048990,
102940370,
102782470,
102935300,
102759520,
102742230,
102982850,
102810060,
102630040,
100700620,
98510190,
98468200,
98603560,
98926190,
98979040,
98804370,
98689210,
98670840,
98717464,
98591016,
98676690,
98634260,
98661800,
98633510,
98322990,
98532536,
98556410,
98316940,
98089920,
97978520,
98292810,
98041350,
98077940,
97895280,
97931300,
97543300,
97953910,
98029000,
98144680,
97998840,
98302456,
98335150,
98559450,
98548104,
98688216,
98588240,
98653760,
98849750,
98906020,
98831530,
98630430,
98436130,
97949280,
98012296,
98060330,
98123520,
98070540,
98092936,
97995840,
98042050,
97913320,
97976440,
98098520,
97879420,
98070000,
98131300,
98346500,
98019170,
97820580,
97617500,
97213810,
95927656,
95807290,
93540980,
92577510,
91943190,
92270504,
92171990,
92025820,
92541260,
92731500,
94218630,
94823970,
94883810,
94590830,
94435070,
94357784,
94138800,
94273210,
93737240,
93393464,
94100460,
93862150,
93294030,
92912340,
93165740,
92842890,
93278200,
94232744,
92408650,
93381790,
93886970,
94334664,
94345896,
94917464,
94997384,
94963210,
95230456,
95542160,
95241640,
94850380,
94508160,
94731060,
94755170,
94622510,
94287400,
94886520,
94945160,
95065090,
94418880,
93897440,
93600380,
93753270,
93887050,
94051416,
92762664,
92181460,
91580800,
88997310,
88597790,
90036664,
91494130,
88842890,
91032150,
92760290,
92695656,
92571650,
92858824,
93643420,
93550930,
94469920,
94983070,
94977190,
95231480,
95367016,
95337784,
94864010,
94991910,
94812810,
94679576,
94684456,
94686770,
94772580,
94522536,
94389290,
94393650,
93942584,
94117470,
94056664,
94050860,
94468720,
94468720,
94381980,
94411490,
94722040,
94207450,
94004056,
94010776,
93948090,
94135040,
93693624,
93686400,
93634720,
93735400,
93765690,
94057140,
94245020,
93682504,
94221990,
94343020,
94413930,
94412504,
94153736,
93862184,
93883860,
94015050,
93676190,
93991490,
94249790,
94350630,
94549010,
94597944,
94403930,
94294230,
93704860,
92872420,
92632200,
93089210,
92486380,
91519930,
90940480,
90812616,
90888216,
90760024,
90772120,
90699350,
91090936,
91174560,
91086700,
90792290,
90691100,
90749656,
90685480,
90679250,
90622340,
90634530,
90390610,
90495810,
90415464,
90467576,
90348230,
90502930,
90252240,
89509400,
89919850,
90281720,
91184900,
91531690,
91521130,
91888730,
91657816,
92042060,
92581240,
92704696,
92203860,
92564010,
92649380,
92680160,
92880820,
92872770,
92765864,
92686920,
92463464,
92214040,
92143810,
92229390,
92202770,
91782220,
91832050,
91893590,
92428390,
92541220,
92305630,
91920984,
91384950,
92332510,
92114830,
91941320,
91631224,
91494900,
92193480,
91077890,
90907020,
90994170,
91222300,
91514540,
91427220,
91337330,
91042104,
91050050,
91143300,
91033040,
90952504,
90883096,
90670730,
90346270,
90319890,
90251970,
90139704,
89904630,
90102430,
90044050,
90124960,
90051496,
90379440,
90027730,
90398890,
90480900,
90397920,
90432630,
90287760,
90576210,
89208400,
89653496,
89841770,
90174230,
89603050,
91191430,
92029370,
92080060,
91924630,
91841120,
92110560,
91874290,
91810776,
91930130,
91921680,
91953910,
91888056,
91946344,
91973944,
91812490,
91699830,
90956980,
91648504,
91686530,
91769310,
91416760,
91301704,
91472904,
91165260,
90456230,
90076536,
90239816,
90361460,
90154540,
89749820,
89763416,
89748410,
89856180,
89750776,
89585576,
89613440,
89399330,
89453656,
89527640,
89429624,
89537830,
89501410,
89707280,
89727064,
89774280,
89843736,
89947320,
89799600,
89794130,
89833980,
89872520,
89798420,
89319704,
89281550,
89322056,
89413810,
88972160,
89221720,
88765680,
88861850,
88819850,
88659630,
88685950,
88677496,
88604250,
88647416,
88712680,
88684616,
88752740,
88598980,
88816470,
88346110,
88337240,
88294300,
88274530,
88363050,
88289760,
88130620,
88068220,
88111650,
87991500,
87696350,
87520220,
87584600,
87518584,
87371100,
87118020,
86890420,
86746776,
86938456,
84110590,
84180690,
84234780,
84232620,
84216590,
83852850,
83873064,
83851340,
83804420,
83845990,
83848860,
83639970,
83687750,
83803420,
83672690,
83638870,
83350680,
83105980,
82999140,
83031384,
82944480,
83062650,
83068024,
83146376,
83056450,
83004960,
83162440,
83142300,
83068670,
82813910,
82753736,
82568620,
82568620,
82135880,
82333250,
81898540,
81606904,
81352100,
81089864,
81281940,
81143576,
81483760,
81726410,
81753250,
81775880,
81638490,
81771550,
81753230,
81328310,
81300696,
81322104,
80477290,
79808390,
80686940,
80349710,
82046110,
82085490,
81894930,
81456430,
81701410,
82155416,
82116140,
82601930,
82661950,
82892936,
83534170,
84641730,
84522296,
84315304,
84410480,
84420750,
84494130,
84510216,
84534480,
84340020,
84455690,
83888090,
83810190,
83392500,
83349600,
83191380,
83178220,
83086040,
83257400,
82981224,
83448904,
83263180,
83207720,
83128680,
83655260,
83319170,
83325250,
83329390,
84271880,
84784400,
81090590,
78965576,
77912456,
76892470,
78120776,
79260984,
79097256,
79104720,
78856860,
78681780,
78658344,
78851510,
78882700,
79030490,
79131730,
79293080,
79212430,
79411150,
79354860,
79387410,
79436910,
79460560,
79238980,
79175464,
79191030,
79388390,
79275016,
78941970,
78531400,
78508580,
78089820,
78663370,
78182180,
78231910,
77001710,
73571060,
73850940,
74234900,
74490120,
74630184,
74608776,
74594160,
74277180,
74281130,
73777910,
73915130,
73807656,
73718216,
73525790,
73393530,
73236920,
73483510,
73375130,
72916584,
72569544,
71797410,
72910220,
73842216,
73674990,
73808920,
73518296,
73665850,
74395380,
74271620,
74376810,
74329990,
74815430,
75036140,
74887600,
74907980,
74813900,
74608710,
74526620,
74747544,
75349110,
75527430,
75561110,
75257090,
74650370,
74079500,
73677640,
73351544,
73512296,
72981410,
73236960,
71648130,
71496376,
72186220,
72517590,
72295480,
72262510,
72463790,
72881790,
73479130,
72699900,
72773090,
73729400,
77342820,
81082190,
81278296,
81470620,
81557210,
81892290,
81825784,
82150056,
83185090,
83706856,
83689060,
83300160,
82922050,
82844180,
82809060,
83397760,
83122296,
83567944,
83304824,
83069460,
83307944,
82772740,
82323864,
82443110,
82555000,
82735370,
82465900,
82470070,
82431080,
82492620,
81967060,
81473110,
81403600,
81046376,
81032936,
81005180,
81303800,
81819190,
81277464,
81032370,
80922296,
79577120,
79643090,
79600390,
79353090,
78884424,
79677270,
79370560,
79459944,
80326824,
79586856,
78480370,
78325864,
78583450,
78922030,
78933410,
78449730,
79724960,
79606010,
78880970,
79726020,
80333900,
78474900,
77525190,
82805176,
82520280,
83830460,
81197190,
81565250,
81493944,
81882120,
83436500,
82100120,
83397240,
82685680,
81557570,
81131016,
84147544,
85261150,
86999976,
86965020,
87458470,
87867736,
87396220,
87550240,
87725576,
87308950,
87353336,
86185070,
87430760,
88648620,
88241544,
89412300,
89704090,
90475830,
90256340,
91030830,
91044400,
91410760,
90073180,
90386184,
90703896,
91024450,
90970410,
91010350,
91318600,
91009840,
91461176,
91272456,
90686960,
89840350,
90002910,
89266620,
90245230,
90397624,
90733720,
91835980,
91970270,
91924530,
92325430,
92538104,
92172904,
91488520,
91930060,
91035720,
88270110,
88692840,
90649770,
89397490,
88759830,
88764136,
88230530,
87988240,
88266450,
87610600,
88084400,
88032616,
88278480,
86830150,
87376820,
87610560,
87362660,
87153160,
86689820,
86909430,
86315570,
87889416,
89023040,
89150000,
88938570,
88533400,
89335000,
88200184,
88465790,
89278310,
89229910,
88743050,
88266880,
87363770,
85536230,
86611700,
85258400,
85794296,
86898950,
83738660,
86369510,
86619400,
86343050,
83574880,
77955140,
76985720,
80269730,
84732440,
85744030,
86191780,
86423400,
85983700,
85644664,
85724136,
84249864,
87266420,
85909784,
85731180,
85961920,
85144370,
87463880,
88499430,
88796070,
88983590,
89090190,
88870400,
89464530,
89734890,
89790230,
93179970,
93774610,
92918216,
92608024,
92165510,
91862410,
91878904,
90716850,
88670370,
89935496,
91130520,
91199730,
91294750,
91333016,
90921210,
90570400,
91355980,
91544970,
91809450,
91554270,
91709690,
91276616,
91634600,
91485304,
91559520,
91325096,
91397750,
91792930,
91881080,
91245830,
91402930,
91639880,
91852080,
92034110,
91992720,
92134800,
92035390,
92389250,
92481416,
91183060,
92210216,
91865496,
91496480,
91499910,
91546856,
91130120,
91193304,
90402296,
90346880,
90498840,
91070530,
90257950,
90113970,
90425336,
91600740,
91714400,
89262740,
91030350,
92805336,
94357380,
93561860,
93347544,
93042640,
92611416,
92867250,
91706770,
92029690,
92169750,
92073110,
92231470,
92310670,
92172660,
91889500,
92003800,
92399320,
91885720,
91538890,
91599864,
92334200,
91357830,
91739960,
91382400,
92263490,
92418264,
91710850,
92291200,
92790350,
92222420,
91632230,
91068130,
91404660,
90180430,
91459100,
93329070,
93019690,
92934870,
93468450,
93709700,
93609304,
93306660,
94695930,
93765000,
95581850,
96027550,
94737590,
94436090,
94528700,
94094500,
93776070,
93412720,
92493630,
91073510,
90340460,
90052056,
90410830,
90188580,
89793430,
89782856,
88745130,
89999140,
85576490,
80462800,
82480710,
82431416,
82155240,
80923560,
80545496,
78573990,
79043960,
80409720,
80666350,
80229390,
81576300,
81512700,
80028760,
79118900,
79112850,
80655160,
81052790,
81632120,
81973064,
81996744,
81745230,
81868390,
82028930,
81120670,
81579930,
80043720,
78562984,
79494940,
80274090,
80988400,
81120150,
82287210,
81418090,
82304460,
82484080,
82648140,
81982620,
82304344,
83136740,
83160770,
82350880,
82764460,
81725720,
81666104,
81075736,
81384264,
80785100,
80858550,
80149576,
79496330,
79113980,
78898300,
78954030,
78854584,
78909690,
78810390,
79195530,
78624270,
78240310,
78417610,
78148960,
77626890,
77676130,
77412690,
76214510,
75736750,
73686670,
72258290,
71216640,
72558780,
73348850,
73924024,
74535440,
74758200,
74633190,
73777110,
74103540,
74103540,
74237770,
73866660,
74741480,
74425340,
74824080,
71977940,
74345704,
74899800,
74088216,
74018120,
74322500,
74196870,
73723260,
74190610,
74209096,
74068024,
73640940,
67991656,
68166400,
68528290,
67793160,
68839740,
71196950,
70851810,
70685000,
70630040,
70227600,
70486640,
70391090,
70146990,
70141760,
70114210,
69465910,
68883400,
68745656,
68660540,
68219170,
68226790,
67681620,
67553420,
67749310,
67843560,
68040990,
68315040,
68001650,
68882140,
68983240,
69343100,
68750904,
68450790,
68604020,
67201230,
66879012,
67140290,
66327144,
67298504,
67557610,
68065110,
67631290,
67554184,
67690290,
67662936,
68028930,
67566650,
67400150,
67416504,
67103660,
66449108,
66065988,
65846964,
65812404,
66078596,
66167464,
66538730,
66655476,
66623228,
66669570,
66125500,
66731292,
67508400,
67769250,
67329160,
140938140,
140968060,
140921230,
140803200,
140619260,
140758660,
140809220,
140607580,
140639940,
140487490,
140407400,
140396270,
140374140,
140371890,
140256350,
140136450,
140187420,
140186370,
140174450,
140046430,
140080820,
140155380,
140202350,
140315330,
140219950,
140203780,
140165460,
140211200,
140282240,
139762560,
139564690,
138495950,
138591760,
138585280,
138466180,
138379540,
138360270,
138413020,
138374510,
138438260,
138534460,
138421460,
138422050,
138578850,
138654830,
138699790,
138687900,
138633300,
138634900,
138643760,
138689970,
138787280,
138652080,
138495500,
138437260,
138476130,
138478100,
138415600,
138382620,
138487180,
138567140,
138557470,
138495970,
138488850,
138492720,
138514400,
138494930,
138439070,
138400820,
138430110,
138237180,
138312600,
138421120,
138377710,
138500420,
138631650,
138780750,
138745040,
138753920,
138581920,
138582670,
138422180,
138189440,
138062430,
138064260,
137964530,
137759940,
137729150,
137689550,
137724340,
138161310,
139882830,
139759440,
140026060,
139912110,
139860210,
139627040,
139832700,
139911180,
139677420,
139413700,
139356980,
139423920,
139543380,
139472030,
139578240,
139502220,
139690460,
139804110,
139699170,
139780210,
139829780,
139869780,
139946100,
139370050,
139275040,
139509260,
139572180,
139617820,
139552370,
139655600,
139674400,
139748580,
139766380,
139627220,
139852160,
139783230,
139820910,
139371170,
139470930,
139234930,
138905150,
138756830,
138696720,
138720770,
138639230,
138705150,
138689650,
138828930,
138889810,
138789440,
138780700,
138765680,
138794740,
138649380,
138780580,
138862930,
138884560,
138759310,
138809900,
138862990,
138507470,
139009630,
138920430,
139075940,
138929540,
138744510,
138785390,
138537170,
138459040,
138398850,
138343330,
138293810,
138231580,
138167500,
138100380,
137979790,
138137730,
138048260,
138057330,
138188720,
138147410,
137933950,
138036450,
138097340,
137988160,
138192720,
138278420,
137095940,
137247090,
136983840,
136696530,
136474770,
136825220,
137067020,
136728880,
138257170,
138540780,
138339120,
138289140,
138374260,
138133900,
138106750,
138185520,
138167550,
138096380,
138444270,
138413420,
138447200,
138432900,
138400000,
138642700,
138504830,
138350750,
138382770,
137818530,
137228060,
136964780,
137096640,
137188560,
137195500,
137298300,
137153860,
137060460,
136955740,
136975040,
136866960,
136758400,
136712130,
136809040,
136164540,
136294190,
136263570,
136388800,
136364960,
136362900,
136307570,
136285840,
136307100,
136152850,
136201330,
136017300,
136073180,
136142860,
136050750,
135741390,
135100690,
135017150,
135160220,
135288750,
135284910,
135752750,
135855760,
136019920,
136164340,
136169260,
136125440,
136265840,
136183820,
136311730,
136359120,
136455280,
136342340,
136499740,
136598400,
136640130,
136610130,
136661920,
136488580,
136379760,
136462670,
136377420,
136349300,
136286780,
136406740,
136073090,
136138620,
135789520,
136348430,
136625900,
136579360,
136698750,
136960000,
136766980,
136846340,
136545810,
136396480,
136143330,
136339540,
135685660,
134866270,
134575550,
134328110,
134367200,
134085170,
133640880,
133733496,
134658980,
135294460,
135124460,
135326420,
135450020,
135492060,
135273150,
135253780,
135157000,
135293730,
135423230,
135327000,
135298450,
135805470,
136057220,
136267760,
136362620,
136311790,
136039760,
136023940,
136124220,
136182820,
135574190,
135301200,
135162220,
135165330,
135538510,
135342140,
135298050,
135110220,
135403870,
134868320,
135357760,
135650220,
135800880,
135978140,
135795280,
136008900,
135840620,
135947020,
136333300,
136338460,
136515760,
136531040,
136572500,
137047680,
136814450,
136456320,
135964060,
135986180,
135408260,
135900660,
135947660,
135991490,
136055790,
135539120,
134584800,
135844420,
140181680,
139885520,
139725900,
139812750,
139980110,
138732130,
139586370,
140049170,
140181630,
140003400,
140263500,
140217090,
140342690,
140703780,
140959840,
140236670,
139699730,
139874220,
139831000,
139918720,
139884420,
139963920,
140104800,
140427060,
139663330,
139035360,
139906860,
140212660,
140306380,
139825300,
140007220,
141110600,
140534370,
141902580,
142136290,
142114600,
142242740,
142040100,
142100220,
142283150,
141985150,
141756720,
141724580,
141977070,
138933730,
138823700,
139188770,
139402130,
139399820,
139658620,
139016700,
140084180,
140680420,
140737860,
140451490,
140893090,
140855840,
141386160,
141601090,
141839730,
141697470,
142355650,
141341760,
141978180,
142241140,
142398880,
142041540,
141910930,
141860940,
142232690,
141996240,
142079380,
142558740,
142847040,
142952700,
142614000,
142557630,
142781230,
143233340,
142745600,
142978460,
143563650,
143838620,
143814670,
143871470,
143867860,
143824740,
143564210,
143307620,
142816370,
142569140,
142625860,
142940300,
142854690,
142747400,
142840320,
142666140,
142643840,
142748560,
142767470,
142787360,
142499380,
142485980,
142676110,
142120300,
142423760,
142018660,
141853570,
141773980,
141790540,
141763900,
141672180,
141659820,
141647570,
141665200,
141693630,
141558100,
141405700,
141383550,
141491040,
141142300,
140903000,
140647870,
140652770,
141563700,
141648100,
141659150,
141917860,
141799440,
141811200,
141810670,
141775120,
141621740,
141776510,
141890860,
142017400,
141822190,
141938110,
141789070,
141624830,
141408370,
141149780,
141219220,
141176670,
141152720,
141354480,
141265780,
141444880,
141481660,
141438020,
141199890,
141144000,
141155550,
141264260,
141081380,
141280210,
141079220,
141072700,
140863330,
140914930,
140806110,
141330100,
141377230,
141215330,
141010720,
141106220,
141299840,
140708740,
140883150,
139443340,
139430780,
140033680,
140254700,
140369680,
140586700,
140666700,
140626380,
140595180,
140632780,
140492200,
140901070,
141010200,
140866830,
140924270,
141397380,
141546610,
141669040,
138536370,
139239950,
139322380,
140074720,
141287600,
141369470,
139549390,
140877730,
141513580,
141650610,
141764270,
142028800,
141937010,
141634420,
141873600,
141510610,
140705360,
141078910,
141376780,
141266540,
141006850,
140730000,
140853000,
140974270,
141141780,
140883620,
140121940,
140121230,
140469120,
139570190,
139157970,
138972850,
138865260,
138270670,
138247230,
138405260,
138752860,
138721090,
138594320,
138316430,
137963950,
137869500,
137635730,
137523740,
137600050,
137126900,
137132940,
136646690,
137036220,
136787490,
136375680,
136359680,
135872590,
135686610,
135594270,
135499630,
135433460,
135456130,
135465020,
135362030,
135226640,
135158080,
135314340,
134164900,
134346880,
134100970,
134266660,
134298080,
134208930,
134115980,
134144560,
134165704,
134180760,
134130550,
134148610,
134048376,
133946410,
133888710,
133791500,
133793790,
133743800,
133835260,
133759530,
133673880,
133624280,
133609240,
133317336,
133270470,
133220520,
133268456,
133542904,
133626696,
133674880,
133573800,
133530056,
133578470,
133645700,
133531680,
133468870,
133254730,
132938630,
133035430,
132731840,
132875720,
133254664,
132935960,
133149420,
133262340,
133505550,
133667900,
133287380,
133617370,
133658860,
134179940,
134576110,
134421660,
134435440,
134546900,
134382720,
134339710,
134626860,
134631710,
134620370,
134455660,
134347070,
134707760,
134002390,
134124220,
134454380,
136320060,
136189500,
136287500,
135798050,
135458500,
135356300,
134903060,
133968056,
134562130,
134627630,
133957850,
134092570,
134443440,
135007500,
135260510,
135388530,
135672830,
135727520,
135515360,
136071200,
136159260,
136029740,
135355220,
135074290,
134896420,
134707260,
134503970,
134373360,
134635580,
134628740,
134430080,
134195180,
134424260,
134610380,
134810510,
134809780,
134434380,
133634456,
133781680,
133620790,
132742660,
132710780,
133566584,
134187230,
134189100,
134315760,
133999420,
133768170,
132927600,
134024710,
131752830,
134238780,
134551150,
135604880,
135391940,
135833150,
135476110,
135548910,
135595180,
136064290,
135807900,
135567090,
135279730,
135245870,
134485950,
134320430,
133909400,
133608130,
133617900,
133425540,
133436710,
133718776,
133619176,
133377336,
133293340,
133018830,
132763790,
132702650,
132741030,
132624470,
132355304,
132654240,
132291220,
132438140,
131736190,
132080310,
132359310,
132429020,
132637100,
132430390,
132397176,
132565700,
132592664,
132581270,
132879390,
133058104,
133151890,
133118010,
133218190,
133000360,
132943580,
132999416,
132842720,
132933864,
132963464,
133111220,
133088040,
132910744,
132775020,
133026620,
133231630,
133254490,
133318904,
133280190,
133253140,
133256250,
133369304,
133325450,
133238264,
133637864,
133513416,
133638160,
133647490,
133717820,
133541420,
132950180,
132751144,
132363670,
132149360,
132312620,
132450620,
132281940,
132213350,
132386990,
132507210,
132505500,
132548856,
132660376,
132808060,
132920184,
132924320,
133008550,
132992184,
133042510,
132772376,
132549176,
132618150,
132536730,
131852520,
132135270,
131561080,
132764410,
133130856,
133056140,
132782184,
133053040,
133171820,
133149896,
133361260,
133339410,
132894100,
132764100,
132924820,
132730770,
132460010,
132441816,
132077090,
133105650,
133524030,
133755680,
133665410,
133643230,
133558070,
133343400,
133519440,
133406980,
133245064,
133069330,
132945130,
132968824,
133000240,
132777270,
132576616,
132791960,
132825720,
132686560,
132449096,
131592380,
132090640,
132841620,
133200460,
133453990,
133368824,
133329430,
133201410,
133239624,
133033544,
132957250,
132964630,
132875064,
132792530,
132645530,
132664710,
132694056,
132697540,
132675880,
132649370,
132695150,
132668264,
132583520,
132514900,
132537860,
132496570,
132493830,
132561510,
132529160,
132502860,
132547900,
132425960,
132523610,
132420190,
132457160,
132366450,
132069050,
132361730,
132311656,
132302040,
131944616,
132155144,
131864344,
131962220,
131521976,
131607170,
131867416,
131959530,
132320820,
132380400,
132296410,
132377270,
132316936,
132399416,
132087384,
131916950,
131663464,
131501710,
131780264,
131901176,
131911210,
131947150,
131888100,
132019410,
132103500,
131956050,
133029416,
132691780,
132077810,
131916280,
131809940,
131647210,
131544510,
131303950,
131301464,
131285970,
130731780,
130954640,
131059340,
131273330,
131207720,
131466450,
131558540,
131231990,
131147340,
130817330,
130772570,
130143730,
130245220,
129893140,
129776616,
129723784,
129535640,
129515420,
129504700,
129266930,
129336184,
128957770,
128776120,
128342080,
128308296,
128237224,
128144824,
128376376,
128114120,
128475896,
128690270,
128704920,
128859800,
128794190,
128598760,
128673480,
128879784,
128739064,
129333860,
129431510,
129330810,
129394680,
129468110,
129408550,
129403880,
129122670,
129199540,
129404590,
129654290,
129381290,
129429780,
129348560,
128566470,
128211620,
127295050,
127948340,
128131060,
128278344,
128122000,
128560060,
128700510,
128545150,
128597230,
127744790,
127576350,
127804180,
128128340,
128875016,
129864230,
129747100,
129967096,
130168090,
130440350,
130067700,
130472620,
130221940,
129746320,
129155224,
128706610,
128647580,
128319464,
127428800,
128329700,
128534240,
129076550,
129725570,
129803144,
129433130,
128992000,
128665000,
127556860,
127727220,
127896380,
127109896,
126247680,
127877810,
128330296,
128531096,
128488424,
128871530,
129208936,
128564610,
128217896,
123945200,
125968210,
127215060,
127487210,
127968340,
127585736,
128162890,
127453070,
127495680,
127982770,
128123230,
127667000,
126712470,
125224260,
125429550,
125465350,
125548030,
125360770,
125215656,
125208780,
125184150,
125028424,
125089230,
125018900,
124911736,
124684130,
124620904,
124688620,
124405710,
124258960,
123902480,
124158690,
124063950,
123806264,
123584010,
123715950,
123677950,
123701460,
123653550,
123836890,
123766550,
123704230,
123438190,
123166950,
123147890,
122655900,
122568880,
122522480,
122535650,
122156680,
121852520,
121743080,
121374890,
121612510,
121705350,
121799550,
121770520,
121852010,
121504430,
121336696,
121100070,
121224490,
121044264,
121253896,
120781820,
121603420,
121181544,
121027030,
120417590,
121994620,
124647576,
124024000,
123494504,
122668740,
123802450,
124186280,
124594490,
123695656,
123958424,
124084480,
123789176,
123979120,
124121400,
124008856,
124045380,
124392830,
124362400,
124169620,
124233030,
124042210,
124318536,
124101270,
123691580,
123584110,
123351784,
123044680,
122791000,
122999290,
122933230,
123189480,
123009480,
123167590,
123338170,
122349640,
122225950,
122908950,
123170904,
123138400,
123201130,
123427610,
123463480,
123647090,
123661016,
123780480,
123360030,
123417190,
123780560,
123852060,
123821090,
123691760,
123535460,
123634344,
123615310,
123473870,
123101390,
123079480,
122790510,
122589030,
122660980,
122551330,
123399496,
122811510,
123509470,
123957320,
124065680,
124240300,
124182130,
122957120,
121450300,
121303416,
121481490,
121532860,
121450344,
121493110,
121474450,
121375850,
121461960,
121434696,
121117680,
120998280,
120588820,
121067250,
121069250,
121119430,
120796376,
120952810,
121146550,
121076500,
121037520,
121154270,
121080740,
120689670,
120127730,
120033180,
119921260,
119962020,
119723640,
119841330,
119638616,
119406840,
119299830,
119311800,
119507680,
119684930,
119628330,
119497624,
119635320,
119606150,
119620216,
119411600,
119258090,
119201960,
118698360,
119190430,
119344950,
119051430,
118861040,
118985530,
119051880,
118933940,
119044584,
119082260,
119157096,
118881460,
118819864,
118588460,
118586030,
118595704,
118584550,
118329750,
118116120,
117073650,
117316210,
117153200,
116761390,
116686150,
116296910,
116305410,
115878620,
115687590,
115817320,
115598664,
116020904,
116155496,
116452350,
116408920,
116343450,
116395400,
116014100,
115562800,
115153416,
115721950,
116117944,
115723710,
115678660,
115783070,
115746310,
115876350,
116284150,
116336870,
116762670,
117026120,
117154930,
117028510,
116636700,
116467930,
116451710,
116037510,
115942630,
115597370,
115209270,
114535450,
114735256,
114924130,
115091090,
114988220,
114549780,
114619016,
114020030,
114918120,
115516320,
115467304,
115448190,
115898980,
115921520,
115816570,
115297360,
115100070,
115010350,
114849290,
114964020,
114835496,
115244160,
114204110,
114238696,
114066296,
114496850,
114158540,
113695950,
113788424,
114012850,
113910360,
113468060,
113250590,
113955660,
113483750,
112663310,
111912560,
111243820,
111136210,
111533780,
112155840,
111445400,
111518450,
111703360,
110302710,
110307990,
110280020,
109765290,
108553910,
108668664,
108788824,
107637450,
106319020,
104766430,
105718020,
106765750,
107460210,
106665710,
106531736,
106924910,
106894690,
107551840,
107264100,
106236376,
107546180,
107343810,
108350230,
108391300,
109456550,
109488930,
108893980,
109210310,
110431910,
109763920,
108889140,
108018120,
107887704,
107572500,
107221620,
107895700,
108292660,
107479576,
107182560,
106793060,
106793060,
104358350,
102521890,
104497910,
105332190,
106185540,
106980850,
107219800,
107642744,
108205710,
107715400,
108732360,
109440090,
108361170,
107070056,
107450650,
107541500,
107439790,
107352840,
107710210,
107486680,
108909660,
108715730,
108576216,
111322590,
111095650,
112477080,
111240390,
112372400,
113182056,
113038230,
110899920,
109825970,
112174360,
110707016,
109444010,
109891260,
110699290,
108748824,
109968480,
103715760,
102163950,
105179864,
106992310,
106174960,
107370730,
111920240,
109160890,
111417440,
111887544,
112850350,
113262750,
115164550,
118883210,
117511304,
117860450,
119736424,
115663940,
113073790,
109694824,
112340280,
113488840,
112376880,
108025730,
112228664,
111563750,
114824430,
112636616,
117064350,
120328150,
110652390,
105842730,
106775690,
106304900,
113885410,
112992000,
114786130,
118958490,
121375600,
114454810,
123237770,
124271624,
123358970,
122694600,
123710160,
127555050,
124657540,
122655990,
126695410,
126808230,
128539540,
129403470,
129166690,
129187220,
130724030,
131126216,
131298590,
132232980,
132104376,
132534530,
132917130,
133008460,
132914630,
132806030,
133191830,
132919240,
133080260,
132791144,
133002456,
133052936,
133570430,
133567070,
133138970,
132567990,
131978830,
131131890,
131239020,
130707470,
129731330,
130166744,
130499550,
130651090,
130223224,
129747500,
130879000,
130307464,
132031440,
130319520,
131600050,
131387420,
132478450,
132633890,
131952520,
132743460,
132495130,
133199730,
132768650,
133733656,
133017280,
132479460,
132138350,
133672280,
132659496,
133248610,
132914456,
134163336,
133644936,
133632950,
134019560,
134928100,
134583660,
135065390,
134115120,
132900056,
133141320,
134637780,
135726290,
134262190,
135028100,
135578910,
134997780,
135023820,
135119440,
135429760,
135177500,
135223040,
135135550,
134221700,
133241610,
133507820,
135006530,
134588600,
135187440,
135538140,
134939300,
135523340,
135246320,
134644590,
134926400,
134374820,
135106320,
134790750,
134053570,
133885920,
132518040,
132726600,
132275290,
131758750,
131476820,
129552984,
128703940,
130547980,
128995340,
127972320,
127826984,
126964090,
126842040,
126654880,
128373896,
127746210,
128081090,
128906620,
128356580,
127995940,
126981760,
127491860,
126385650,
126298500,
125609350,
127057230,
126000100,
125608190,
124152024,
123177110,
124222664,
122466220,
122427110,
122900616,
122335650,
122771064,
120623736,
121563656,
120995360,
122279930,
122346570,
121027160,
122239010,
124499580,
121681090,
120015736,
120237990,
120110220,
120693580,
121341740,
120866320,
121511790,
122285540,
122812020,
121275820,
122853180,
121368000,
118853840,
119206060,
121664510,
122233040,
122808856,
123387370,
122344410,
122154190,
121541530,
121541530,
124621736,
127706160,
138065390,
140328690,
140145820,
139531540,
144459310,
146723860,
145224690,
146859380,
147361550,
144889200,
147650690,
148356080,
150841490,
150823700,
151144000,
151364750,
151185600,
151233700,
151220770,
150347580,
149392400,
148746750,
148713380,
148997380,
149779660,
150013220,
149791870,
149309680,
150085490,
150103140,
149384130,
148637010,
147789310,
147607890,
148404800,
148831170,
147923400,
146511400,
145906340,
145809740,
145028830,
145156460,
143959980,
144695340,
144028100,
144598260,
146038110,
140015920,
144132100,
148253980,
150446540,
151451360,
150611260,
150936140,
150870340,
151268860,
150747800,
150550620,
150497420,
150135970,
150929020,
151008340,
147274200,
146231700,
146763340,
146589260,
145889440,
145299200,
145357040,
143593490,
144263660,
144516670,
144525570,
143229180,
142472050,
142738000,
142832910,
142434620,
142031490,
142189250,
141799230,
141913540,
140711500,
139578610,
138920400,
139040600,
139081140,
138576450,
138639140,
138367330,
138274140,
137929200,
138407660,
136561460,
138231060,
139308860,
141853630,
140619700,
139794060,
139130350,
136849680,
137931470,
138682510,
137714620,
138131230,
136396300,
135193120,
135137250,
132400856,
133264230,
134173350,
134988530,
133888510,
134335460,
136075460,
136333710,
136387520,
135777730,
136849390,
136167040,
134656420,
137557950,
138267500,
139434700,
136235920,
135128780,
137546510,
137561020,
136878200,
136515230,
136660240,
136465310,
136378460,
135709730,
135341980,
135328450,
134785660,
135257840,
135434350,
133689224,
132037990,
132299390,
131936380,
132320410,
131437640,
132212800,
132334540,
132561130,
131953160,
132537810,
132913890,
131850800,
131345990,
130698860,
131947650,
131842000,
133428540,
133197250,
133059896,
132801896,
132455976,
131692470,
132784450,
131729640,
130871450,
130727140,
129909890,
130556810,
130674520,
130360530,
129972120,
129833680,
129061496,
129118664,
129517120,
129384760,
128834250,
128724390,
128247600,
127913720,
127505450,
127421780,
127419976,
127245690,
127318740,
127348770,
126677944,
125180030,
124346820,
124427510,
123920360,
123803310,
123827180,
123812330,
124072330,
123737670,
124244460,
124329540,
124555224,
124461250,
124600900,
124527160,
124578040,
124416780,
124247304,
124481630,
124298550,
125091110,
125217320,
124825870,
124920220,
124896730,
124452150,
124354730,
124009690,
124005224,
124141800,
123590760,
124023950,
123682790,
123689016,
123617850,
123756230,
123120904,
122797144,
123773784,
122849660,
122520776,
123757700,
123845330,
123993220,
123850310,
123034160,
122856270,
122914450,
122933610,
122787656,
122842610,
122259656,
123107150,
123093890,
122377200,
122325610,
122539810,
122537010,
122894200,
122850860,
122997660,
122768000,
123097704,
123270584,
122773210,
123433690,
124393820,
124937740,
128819120,
129825200,
128627810,
129269280,
130590280,
125127320,
122943860,
122797360,
123014380,
122054080,
122531180,
120659630,
121215300,
121213144,
121398560,
121673380,
122128270,
122723510,
122472700,
123168376,
123449640,
123622470,
122424320,
122965144,
122810500,
122314440,
123045030,
123424510,
123382860,
123445190,
123560940,
123624060,
123628100,
122678980,
123111360,
122765656,
122344584,
121854504,
121735064,
121665784,
121239304,
121477050,
121353970,
121159260,
121246510,
120983000,
120541040,
120386820,
120112030,
120258550,
120308300,
120742696,
120597360,
120594720,
120936856,
120829330,
120701730,
120852130,
120428820,
119779990,
117493430,
117438120,
117709570,
117586420,
117654150,
117103270,
117253640,
117427510,
117335896,
117536630,
117754264,
117263496,
117534950,
117945390,
117955464,
117729976,
118348600,
117613370,
116751010,
117392056,
117632180,
117130120,
117171096,
117270750,
117297800,
117314350,
116041270,
115980600,
115989420,
116164270,
114840550,
115589250,
114956536,
114797450,
114478824,
114236296,
114434580,
114947950,
114628020,
114486800,
114581704,
114287096,
114675620,
114577816,
114738824,
114046456,
113078370,
112952424,
113116860,
112861110,
113528024,
115196640,
116269840,
116837160,
116432960,
116067470,
116437704,
115576440,
114699920,
114937784,
114298104,
114086330,
113723300,
113468100,
108213810,
107421270,
107054670,
105903410,
107295370,
107745410,
109242030,
109021220,
109228840,
109379870,
109788580,
109904330,
109594340,
110520264,
109000376,
109495330,
109947930,
109883976,
110323630,
109433550,
109271544,
109153320,
109341704,
110685950,
109751110,
110233460,
109648936,
110873944,
111913736,
110945430,
111458140,
111558490,
112236110,
112514530,
110748430,
111236580,
111824820,
112028200,
111524730,
111450340,
111543860,
112171610,
111686780,
112573550,
112430020,
113247300,
113216860,
113409790,
114000260,
114115900,
114373130,
114373130,
114048264,
114051710,
114237660,
113481800,
113789900,
113347816,
112904904,
112355940,
112195660,
112748510,
113272460,
112136904,
112383380,
111834770,
112506010,
112601816,
113245496,
113568220,
114468320,
116444890,
111932660,
108941590,
109646520,
109679060,
109702810,
109141816,
106299470,
106838720,
107128220,
107298320,
108504810,
108613890,
109376510,
109680170,
109535250,
110486350,
110863720,
110114450,
108702060,
109036370,
109667710,
109976320,
109568330,
110469570,
111092810,
110892940,
110493496,
111524984,
111651420,
111775624,
111566250,
110691760,
111052090,
111186984,
110394616,
109451200,
108082150,
110608390,
109168660,
111191656,
110319440,
110057650,
111727720,
111816670,
112673784,
112712720,
112375400,
111026360,
111202090,
112380080,
113391704,
114203010,
113378060,
115723060,
117597590,
118400750,
118688700,
117994510,
117747040,
114796760,
113362650,
113445350,
113041450,
113216980,
113132376,
112279340,
112172230,
112594110,
112783336,
112686020,
112806920,
112687560,
112363970,
112172600,
112081930,
112383496,
112261470,
112988870,
112971370,
112817920,
112722776,
112680190,
112721580,
112093830,
112454640,
112042970,
110919810,
111051250,
111884530,
111819720,
111261680,
111092040,
110663460,
110548010,
110533050,
110719780,
109931610,
109755540,
109777790,
109638780,
109293416,
109234300,
109360000,
109838990,
110200504,
109260250,
108166040,
108218630,
106729200,
106982850,
107642340,
107371450,
107639300,
107073110,
107491300,
106721270,
105639460,
106158450,
106546010,
106225210,
98176056,
100256240,
99827620,
100274616,
100485570,
100941280,
101295320,
101528020,
101238536,
100699730,
99732030,
100295864,
100441976,
100204890,
99800184,
99863010,
100469840,
100180410,
99607016,
99219040,
99130700,
99560050,
99744610,
99706110,
98957830,
98197784,
98269860,
97849970,
97860984,
98056980,
97930536,
97787060,
97766720,
97835740,
97707100,
97700184,
97739544,
97727816,
97889900,
98217550,
97851050,
99051064,
97966940,
97524456,
97342810,
97480770,
97312580,
97381460,
97318820,
97428984,
97421624,
97307290,
97260330,
97502340,
97546296,
97467790,
97511200,
97557840,
97324860,
97452040,
97210344,
96386160,
96421670,
94980340,
93539840,
93500190,
93449350,
93490230,
93268100,
93178210,
93434216,
93086290,
93213200,
93021790,
93345140,
93224490,
93485430,
94206060,
94073384,
93836530,
93760184,
94156440,
93987950,
93537680,
93159600,
93116370,
93055580,
93771736,
93491976,
93218024,
94313220,
94601610,
95230296,
95335540,
95141850,
95369140,
95452430,
95119160,
95076536,
95132810,
94234240,
94234240,
93198670,
92917256,
93008270,
92457624,
91819810,
94982220,
95339880,
95531720,
95616820,
95408776,
95613870,
95164984,
95266080,
95022456,
94726264,
94979190,
95172440,
95754390,
94554990,
95808240,
94326820,
96045650,
94167060,
93699240,
99012030,
103982856,
105365930,
104856900,
105864696,
105790184,
105371850,
105165350,
104769750,
104658270,
105091650,
105474170,
105069944,
105253704,
105244820,
105270440,
105400030,
105792600,
105224024,
104750690,
104119530,
104022490,
103684664,
103656640,
103353390,
102784200,
103878150,
104759690,
104797620,
103596390,
104509096,
104652730,
104746860,
120829230,
120810940,
120621864,
119896344,
120266536,
120578890,
121352280,
120564330,
119593576,
118726860,
118041890,
118145064,
118581050,
118354150,
118341400,
118170710,
118596776,
118277304,
118033370,
117489820,
117329320,
117258424,
117210510,
116941420,
116879330,
116872376,
116761860,
116959896,
116758490,
116436480,
114305000,
113663810,
115763560,
115930830,
115075730,
115066310,
114896264,
114770650,
114857896,
114896200,
114851600,
114807520,
114648740,
114707840,
114666800,
114648910,
114331224,
114837590,
115334520,
115191816,
115195230,
115154180,
115205400,
114969640,
114832550,
114716230,
115740264,
114697710,
115409440,
115975040,
115774550,
116408664,
115850290,
115657910,
114951480,
115011360,
113634770,
113667464,
113604630,
113607990,
113645270,
113678530,
113652320,
113561976,
113453350,
113510800,
113645340,
113563520,
113903144,
113476560,
113265560,
113251770,
113189920,
112418120,
111926480,
111865090,
111839690,
111984320,
111878380,
111863300,
112012510,
111144880,
110579896,
108165120,
107863290,
107908600,
107986730,
108095830,
108301010,
108074350,
107923330,
107897620,
107913320,
107904500,
107800140,
107704980,
107662780,
107658980,
107591620,
107795460,
107760930,
107625340,
107434696,
107303250,
107340740,
107354920,
107401000,
107361960,
107473650,
107386130,
107308456,
107397016,
107448664,
107191770,
107149976,
107196776,
107350820,
106931416,
106709060,
106585224,
106534264,
106513970,
106732370,
106574264,
106551580,
106563000,
106501440,
106622760,
106725860,
106524830,
106373970,
106610020,
106672930,
106613490,
106673910,
106778350,
106815150,
106757450,
106795080,
106541290,
106453780,
106644230,
106634040,
106740080,
106672070,
106734820,
107450456,
105932120,
105863410,
105838390,
105952300,
105967570,
106026520,
106141350,
106209656,
106449340,
106498840,
106485880,
106483016,
106698110,
106628536,
106737930,
106604210,
106462740,
106592880,
106562970,
106528310,
106031160,
105950240,
106044920,
105935380,
105972240,
105878230,
105631976,
105572810,
105677016,
105580296,
105580296,
105596820,
105666260,
105646216,
105487760,
105460740,
105409016,
105348750,
105430770,
105347496,
105420070,
105439790,
105457520,
105425580,
105284136,
105395180,
105379304,
105390504,
105294824,
105280590,
105187930,
105503910,
105454570,
105548470,
105577580,
105696080,
105713850,
105703380,
105703380,
105987790,
106198450,
106327800,
105290690,
105375520,
105545210,
105466960,
105430550,
105518270,
105639530,
105497610,
105416990,
105398980,
105608000,
105605760,
105372030,
105308440,
104918560,
104861864,
105030510,
105030510,
104988380,
105137220,
104984480,
105194370,
105441090,
105282800,
105633820,
105402450,
105023460,
105806456,
105109830,
104911700,
104890616,
104941280,
104906424,
104776080,
104726830,
104635570,
104609220,
104656130,
104674160,
104763080,
104749950,
104710970,
104815250,
104833610,
104676510,
104630720,
104637270,
104556820,
104403496,
104473140,
104486970,
104522540,
104542744,
104508050,
104641970,
104629370,
104550030,
104488370,
104566840,
104596780,
104593860,
104697896,
105352056,
105311976,
105171200,
104936380,
105065040,
104719600,
104518280,
104543820,
104440136,
104453310,
104437900,
104412430,
104380040,
104323610,
104161660,
104175260,
104114060,
104216050,
104176940,
104257560,
104274820,
104397630,
104447730,
104258120,
104266410,
104344070,
104312490,
104358210,
104338824,
104427730,
104478680,
104428610,
104388830,
104379570,
104534530,
104356890,
104376930,
104390490,
104388180,
104531970,
104598080,
104768050,
104746540,
104610670,
104680590,
104783400,
104978780,
104956370,
104933176,
104989820,
104946070,
104986730,
105110660,
105116344,
104979736,
104979736,
105030650,
105001780,
105059930,
105068530,
104938470,
105321390,
106057080,
106003576,
105962860,
105876960,
105816650,
105689336,
105741144,
105549230,
105405224,
105217064,
105262160,
105245000,
105427800,
105250216,
105121330,
105355704,
105478850,
105428744,
105512024,
105572024,
105400370,
105452490,
105425310,
105554104,
105464904,
105397260,
105424856,
105474260,
105429000,
105481320,
105506550,
105487710,
105438350,
105332330,
105203370,
105144400,
105122190,
105126480,
105301170,
105150390,
105071990,
105075384,
105005770,
105051176,
105104530,
105034680,
105029704,
105027200,
105073176,
105007190,
105177380,
105344730,
105284270,
105375160,
105257520,
105333890,
105373530,
105474920,
105279176,
105314050,
105315750,
105285770,
105350240,
105376610,
105155780,
105107490,
105157240,
105151096,
105109576,
105169976,
105287530,
105154720,
105063096,
105105610,
105075416,
105069180,
104956090,
105042424,
104981360,
104832200,
104914030,
104960800,
104939510,
104931020,
104776880,
104795620,
104636730,
104727350,
104654960,
104606150,
104500776,
104593200,
104698050,
104687064,
104580890,
104641340,
104837180,
104886990,
104947310,
105117360,
105007870,
104993950,
104877496,
104852510,
104991256,
105227180,
105208230,
105147224,
105198840,
105154720,
105007540,
104806210,
104440104,
104210264,
101971950,
101387360,
101349240,
101269470,
101177400,
101015650,
100880740,
100919870,
100958870,
100931210,
100856710,
100839960,
101005930,
101067420,
101194860,
100498950,
100668470,
100635656,
100677840,
100687570,
100673170,
100682200,
100711830,
100628770,
100622296,
100701200,
100689200,
100671620,
100700710,
100665120,
100898376,
100880900,
100887660,
100901400,
100906160,
100864270,
100839950,
100704950,
100706980,
100730616,
100770580,
100774260,
100783576,
100774310,
100796800,
100882410,
100854860,
100760940,
100881750,
100821740,
100871336,
100809900,
100833150,
100980070,
100809360,
100776370,
100734240,
100726060,
100726060,
100658940,
100722250,
100727736,
100786580,
100806010,
100681310,
100661064,
100782020,
100782020,
100566296,
100438904,
100548190,
100469570,
100515220,
100542400,
100910584,
100824456,
100866080,
100870456,
100889690,
100879240,
100842930,
100968980,
100992456,
100992456,
100970710,
100856880,
100806650,
100805630,
100842520,
100840570,
100860910,
100723704,
100750040,
100820160,
100959336,
100890810,
100878920,
100951050,
101040450,
100965736,
100819500,
100878910,
100785880,
100921070,
100972720,
100982110,
101036104,
101108790,
101024184,
101153600,
101163790,
101322500,
101135550,
101072490,
101145624,
101200740,
101256264,
101076010,
101088824,
101004984,
101157224,
101217864,
101512504,
101442584,
101438600,
101332230,
101238584,
101211510,
101055110,
101123790,
101063140,
100915410,
100963690,
100916570,
100876000,
100798210,
100663790,
100838984,
101137390,
101048090,
100955460,
100801110,
100566540,
100620150,
100645690,
100710030,
100784910,
100747680,
100894400,
100891470,
100947330,
100942264,
101013420,
100926480,
100994030,
101002520,
100930800,
101107900,
100995960,
100892210,
100777220,
100767016,
100805360,
100817830,
100825720,
100827976,
100771800,
100930720,
100783864,
100956030,
100946100,
100946100,
100993880,
101149220,
101186760,
101257140,
101291090,
101247670,
101264690,
101218104,
101145340,
100944470,
100760220,
100848230,
100850680,
100931880,
100826790,
100733060,
100547680,
100652820,
100751850,
100924296,
100994890,
100864424,
100696504,
100708440,
101133150,
100790200,
101029496,
101047940,
101067970,
101994670,
103132930,
103242424,
102925300,
103230340,
103032500,
103081590,
103184860,
103301864,
103076180,
102886750,
102914920,
103101350,
102933976,
102635590,
102827336,
102885840,
102692510,
102801800,
102819640,
103936424,
104048616,
103886080,
103710910,
103976664,
104091610,
104338720,
104297990,
104462880,
104587920,
104604320,
104628280,
104739384,
104874840,
104838830,
104838830,
104859870,
105141210,
104963810,
104786376,
105049350,
105095440,
105127864,
105144510,
105267240,
104957950,
104849090,
104998730,
105056750,
104718790,
104754504,
104910980,
104943700,
104990630,
105051304,
104989200,
104773260,
104940550,
104904160,
104988350,
105043900,
105166880,
105290360,
105485290,
105329770,
105176080,
105189810,
105131770,
105099450,
105021780,
105110910,
105147340,
105186430,
105009500,
105058536,
105116130,
105053576,
105034300,
105032344,
105010340,
105124760,
105207000,
105347760,
105335600,
105311530,
105348040,
105267170,
105275976,
105318584,
105383130,
105306230,
105253870,
105202510,
105092460,
105293330,
105077816,
104468890,
104689300,
105051016,
105096100,
104769900,
104334890,
104721330,
104567670,
104830584,
104966660,
105059780,
105011736,
105089510,
104848200,
104917990,
105080470,
105338430,
105301780,
105038030,
105144264,
104929650,
104747944,
104776810,
104773950,
104763384,
104698584,
104393896,
104490940,
104655890,
103890350,
104119880,
103931600,
103902150,
103971290,
104087100,
104443460,
104545280,
104797840,
104747096,
104634820,
104486984,
104616260,
104561370,
104492664,
104487190,
104410050,
104348070,
104586050,
104467530,
104409944,
104372120,
104477816,
104558010,
104607520,
104713460,
104713460,
104777900,
105214696,
104825860,
104630880,
104695336,
104545740,
104569850,
104679630,
104824580,
104747864,
104718830,
104681180,
104824110,
104611980,
104708240,
104740730,
104691624,
104576450,
104571330,
104571330,
104893000,
104887240,
104779660,
104687336,
104693350,
104422504,
104433760,
104441040,
104734904,
104861704,
104778080,
104255240,
104594770,
104482024,
104302696,
104016590,
104234170,
104227850,
104233560,
104144104,
103859096,
103707590,
103754020,
103731350,
103615970,
102924690,
102944370,
103065416,
103052830,
103052830,
102848160,
103020270,
103328264,
102882350,
102859016,
103428720,
103174760,
103531450,
103654800,
103632424,
103760820,
104061976,
103961416,
104025090,
103769544,
103769544,
103867580,
103956220,
103860320,
103701670,
103771450,
103718640,
103768920,
103758650,
103923780,
103865610,
103929900,
103980700,
103968460,
103974110,
103935280,
103991016,
103979920,
104044180,
104118050,
103909790,
103850340,
103882710,
103892170,
103763530,
103712360,
103921180,
104022780,
104201550,
104186160,
105030456,
107428710,
107202700,
107504340,
107287860,
106660130,
106221720,
106666420,
106506760,
106649960,
106706290,
106716620,
106466320,
106543920,
106487160,
106572730,
106652050,
106283720,
106346696,
106065670,
105674080,
105716910,
105760840,
105615370,
105886440,
105844040,
105774250,
106165040,
106257640,
106086530,
106171870,
106104550,
106195220,
105839336,
105721090,
106508340,
106678660,
106772470,
106778960,
106864664,
106885680,
106882060,
106887100,
107021530,
106859950,
106886150,
106817656,
106851530,
107098730,
107237320,
107315704,
107474550,
107309350,
107739110,
107549736,
107399810,
107625140,
106802110,
106809290,
106621310,
106709840,
107113220,
108021830,
105782424,
104499256,
104758910,
105002910,
104837930,
104927850,
104603864,
104617980,
104726470,
103922930,
104172770,
104578820,
104737760,
104965940,
104799110,
105105736,
104480660,
105425790,
104650824,
104190710,
104000190,
104281090,
103897110,
103930830,
104255810,
103914980,
103579416,
104047030,
104148200,
104306610,
104460350,
104156104,
103757280,
103604010,
103361990,
103743930,
103768670,
103582984,
103582984,
103605220,
103438344,
103615940,
103926184,
103772090,
103689590,
103835520,
103530480,
104450170,
104450170,
104597500,
104372530,
104535060,
104695140,
105004050,
105078390,
105036250,
104189570,
104359460,
104719080,
104719080,
104153610,
104333730,
103423580,
101913180,
102013990,
102044904,
102721190,
101891500,
102291590,
102047020,
101962540,
102519070,
101928950,
101193784,
101193784,
101168140,
101168140,
101136776,
101256630,
100846110,
101075870,
100899384,
101003280,
100880910,
101007990,
101246830,
101421570,
101348216,
101281640,
100917990,
100917990,
102978990,
102858020,
103010700,
102536140,
103100730,
103229360,
103398530,
103493860,
103283720,
103374070,
103424430,
103239336,
103354860,
103585736,
103725410,
103390310,
103269640,
103774456,
103725930,
104061940,
104104800,
104452790,
104481240,
103647680,
102922300,
102776420,
102260050,
102218376,
102218376,
102505680,
103288230,
102684750,
101912070,
102840220,
102840220,
103844770,
104425120,
102438984,
102032376,
102818630,
103268580,
103489896,
103398570,
105249850,
103231330,
106996530,
115194216,
134045464,
133433220,
133698610,
134010080,
133692330,
134478340,
134790620,
134702460,
134793520,
134162900,
134387700,
134497250,
134482780,
134522770,
134549060,
134754830,
134390420,
134755440,
134828900,
134533630,
134413200,
134388350,
134265970,
134137384,
134069010,
133933320,
133694860,
133639580,
133605960,
133745280,
133598650,
133522540,
133544710,
133601624,
133589370,
133580820,
133531000,
133616160,
133561270,
133640696,
133595390,
133702270,
133786630,
133577620,
133979970,
133839750,
133839750,
133638320,
133988820,
134232510,
133870640,
134362700,
134448670,
134412540,
134248380,
134417950,
134207380,
134231070,
134009430,
133742390,
133725940,
133767090,
133666440,
133587980,
133906350,
133726820,
133879040,
133714056,
134046910,
134199940,
137871100,
137710240,
137557920,
137586640,
137534880,
137675740,
137584940,
137697620,
137676700,
137732240,
137552940,
137504400,
137601310,
137301390,
137079020,
137348850,
137326860,
137364700,
137393860,
137294780,
137619440,
137917970,
138157620,
138179490,
138347090,
138078100,
138257710,
138058290,
137895650,
138075940,
138149220,
138218320,
138141700,
138314350,
138365900,
138476240,
138471760,
138534990,
138394380,
138596160,
138355070,
138267860,
138355760,
138521460,
138434990,
137857520,
137939550,
137602860,
138054080,
138142300,
138259200,
138143780,
138313180,
138174350,
138312600,
138380350,
138106270,
138279790,
138322320,
138330020,
138305140,
138400020,
138503380,
138203060,
138041500,
138085800,
137992880,
137819860,
137754020,
137921710,
138002960,
137934190,
137929230,
137946610,
137989760,
138042820,
137912540,
138567540,
138170880,
138135840,
138079260,
138226350,
138264850,
138185710,
138138830,
138222940,
138200900,
138386350,
138298380,
138182850,
138301010,
138280290,
138353180,
138325400,
138123650,
137939410,
137758880,
137800260,
138018990,
137941390,
138191840,
138197500,
138280480,
138070060,
138280940,
138602610,
138276340,
138175540,
138058160,
137719420,
136858290,
137109700,
137352800,
137426450,
137116340,
137774690,
137708700,
138149300,
138030000,
137985020,
137994640,
137939760,
137956910,
138043380,
137942930,
138013280,
137901970,
137992160,
137922180,
137848060,
137762610,
137968590,
138198670,
138365470,
138533730,
138813520,
138749490,
138699620,
138487740,
138130380,
137751260,
137611100,
137617340,
137609870,
137513550,
137470910,
137526940,
137427580,
137450460,
137472210,
137427680,
137460560,
137503900,
137458600,
137314780,
137954270,
137643020,
137463260,
137388910,
137334240,
137252720